Date,Date,Open,High,Low,Close,Adj Close,Volume,weekly_bias,week_high_low_day
2007-09-17,2007-09-17,4518.4501953125,4855.7001953125,4481.5498046875,4837.5498046875,4837.5498046875,0,1.0,Tuesday
2007-09-24,2007-09-24,4837.14990234375,5055.7998046875,4837.14990234375,5021.35009765625,5021.35009765625,0,1.0,Monday
2007-10-01,2007-10-01,5021.5,5261.35009765625,5001.35009765625,5185.85009765625,5185.85009765625,0,1.0,Monday
2007-10-08,2007-10-08,5186.25,5549.2998046875,5000.9501953125,5428.25,5428.25,0,1.0,Tuesday
2007-10-15,2007-10-15,5428.35009765625,5736.7998046875,5101.75,5215.2998046875,5215.2998046875,0,-1.0,Thursday
2007-10-22,2007-10-22,5202.75,5716.89990234375,5070.89990234375,5702.2998046875,5702.2998046875,0,1.0,Monday
2007-10-29,2007-10-29,5708.89990234375,6011.9501953125,5708.89990234375,5932.39990234375,5932.39990234375,0,1.0,Monday
2007-11-05,2007-11-05,5931.89990234375,5957.2001953125,5614.89990234375,5663.25,5663.25,0,-1.0,Tuesday
2007-11-12,2007-11-12,5660.60009765625,5966.9501953125,5477.5,5906.85009765625,5906.85009765625,0,1.0,Monday
2007-11-19,2007-11-19,5908.0498046875,5981.7998046875,5394.35009765625,5608.60009765625,5608.60009765625,0,-1.0,Monday
2007-11-26,2007-11-26,5611.2998046875,5782.5498046875,5595.5,5762.75,5762.75,0,1.0,Wednesday
2007-12-03,2007-12-03,5765.4501953125,6042.10009765625,5754.60009765625,5974.2998046875,5974.2998046875,0,1.0,Monday
2007-12-10,2007-12-10,5974.0,6185.39990234375,5923.35009765625,6047.7001953125,6047.7001953125,0,1.0,Monday
2007-12-17,2007-12-17,6037.9501953125,6039.9501953125,5676.7001953125,5766.5,5766.5,0,-1.0,Monday
2007-12-24,2007-12-24,5771.2998046875,6110.85009765625,5771.2998046875,6079.7001953125,6079.7001953125,0,1.0,Monday
2007-12-31,2007-12-31,6095.0,6300.0498046875,6060.85009765625,6274.2998046875,6274.2998046875,0,1.0,Wednesday
2008-01-07,2008-01-07,6271.0,6357.10009765625,6112.5498046875,6200.10009765625,6200.10009765625,0,-1.0,Tuesday
2008-01-14,2008-01-14,6208.7998046875,6260.4501953125,5677.0,5705.2998046875,5705.2998046875,0,-1.0,Tuesday
2008-01-21,2008-01-21,5705.0,5705.0,4448.5,5383.35009765625,5383.35009765625,0,-1.0,Monday
2008-01-28,2008-01-28,5380.9501953125,5391.60009765625,5071.0,5317.25,5317.25,0,-1.0,Tuesday
2008-02-04,2008-02-04,5315.5498046875,5545.2001953125,5034.25,5120.35009765625,5120.35009765625,0,-1.0,Monday
2008-02-11,2008-02-11,5120.5498046875,5315.39990234375,4803.60009765625,5302.89990234375,5302.89990234375,0,1.0,Monday
2008-02-18,2008-02-18,5304.4501953125,5368.4501953125,5092.7998046875,5110.75,5110.75,0,-1.0,Tuesday
2008-02-25,2008-02-25,5112.25,5368.14990234375,5055.14990234375,5223.5,5223.5,0,1.0,Monday
2008-03-03,2008-03-03,5222.7998046875,5222.7998046875,4672.25,4771.60009765625,4771.60009765625,0,-1.0,Monday
2008-03-10,2008-03-10,4767.7998046875,5019.2001953125,4580.14990234375,4745.7998046875,4745.7998046875,0,-1.0,Wednesday
2008-03-17,2008-03-17,4745.4501953125,4745.4501953125,4468.5498046875,4573.9501953125,4573.9501953125,0,-1.0,Monday
2008-03-24,2008-03-24,4576.7998046875,4970.7998046875,4539.7998046875,4942.0,4942.0,0,1.0,Monday
2008-03-31,2008-03-31,4942.14990234375,4947.0,4628.75,4647.0,4647.0,0,-1.0,Monday
2008-04-07,2008-04-07,4631.35009765625,4817.39990234375,4628.7998046875,4777.7998046875,4777.7998046875,0,1.0,Monday
2008-04-14,2008-04-14,4779.9501953125,4984.9501953125,4708.2998046875,4958.39990234375,4958.39990234375,0,1.0,Tuesday
2008-04-21,2008-04-21,4955.89990234375,5117.7001953125,4955.89990234375,5111.7001953125,5111.7001953125,0,1.0,Monday
2008-04-28,2008-04-28,5112.5,5298.85009765625,5079.14990234375,5228.2001953125,5228.2001953125,0,1.0,Monday
2008-05-05,2008-05-05,5227.25,5254.5,4969.39990234375,4982.60009765625,4982.60009765625,0,-1.0,Monday
2008-05-12,2008-05-12,4981.0,5167.39990234375,4913.7998046875,5157.7001953125,5157.7001953125,0,1.0,Monday
2008-05-19,2008-05-19,5157.0,5160.0498046875,4940.7001953125,4946.5498046875,4946.5498046875,0,-1.0,Tuesday
2008-05-26,2008-05-26,4953.60009765625,4957.39990234375,4801.89990234375,4870.10009765625,4870.10009765625,0,-1.0,Thursday
2008-06-02,2008-06-02,4869.25,4908.7998046875,4536.25,4627.7998046875,4627.7998046875,0,-1.0,Monday
2008-06-09,2008-06-09,4626.4501953125,4626.4501953125,4369.7998046875,4517.10009765625,4517.10009765625,0,-1.0,Monday
2008-06-16,2008-06-16,4536.2998046875,4679.75,4333.60009765625,4347.5498046875,4347.5498046875,0,-1.0,Wednesday
2008-06-23,2008-06-23,4351.14990234375,4351.14990234375,4093.199951171875,4136.64990234375,4136.64990234375,0,-1.0,Monday
2008-06-30,2008-06-30,4136.25,4163.0,3848.25,4016.0,4016.0,0,-1.0,Monday
2008-07-07,2008-07-07,4002.0,4215.5,3896.050048828125,4049.0,4049.0,0,1.0,Tuesday
2008-07-14,2008-07-14,4047.449951171875,4118.10009765625,3790.199951171875,4092.25,4092.25,0,1.0,Wednesday
2008-07-21,2008-07-21,4092.199951171875,4539.4501953125,4072.75,4311.85009765625,4311.85009765625,0,1.0,Monday
2008-07-28,2008-07-28,4282.25,4422.9501953125,4159.14990234375,4413.5498046875,4413.5498046875,0,1.0,Tuesday
2008-08-04,2008-08-04,4426.10009765625,4615.89990234375,4362.89990234375,4529.5,4529.5,0,1.0,Monday
2008-08-11,2008-08-11,4529.35009765625,4649.85009765625,4421.25,4430.7001953125,4430.7001953125,0,-1.0,Tuesday
2008-08-18,2008-08-18,4430.7001953125,4447.39990234375,4248.0,4327.4501953125,4327.4501953125,0,-1.0,Monday
2008-08-25,2008-08-25,4317.9501953125,4398.7998046875,4201.85009765625,4360.0,4360.0,0,1.0,Thursday
2008-09-01,2008-09-01,4356.10009765625,4522.39990234375,4281.35009765625,4352.2998046875,4352.2998046875,0,-1.0,Tuesday
2008-09-08,2008-09-08,4358.2998046875,4558.0,4200.14990234375,4228.4501953125,4228.4501953125,0,-1.0,Monday
2008-09-15,2008-09-15,4231.9501953125,4262.64990234375,3799.550048828125,4245.25,4245.25,0,1.0,Thursday
2008-09-22,2008-09-22,4248.9501953125,4303.25,3970.35009765625,3985.25,3985.25,0,-1.0,Monday
2008-09-29,2008-09-29,3990.199951171875,4000.5,3715.050048828125,3818.300048828125,3818.300048828125,0,-1.0,Wednesday
2008-10-06,2008-10-06,3817.300048828125,3820.85009765625,3198.949951171875,3279.949951171875,3279.949951171875,0,-1.0,Monday
2008-10-13,2008-10-13,3272.89990234375,3648.25,3046.60009765625,3074.35009765625,3074.35009765625,0,-1.0,Tuesday
2008-10-20,2008-10-20,3108.199951171875,3254.85009765625,2525.050048828125,2584.0,2584.0,0,-1.0,Tuesday
2008-10-27,2008-10-27,2583.75,2921.35009765625,2252.75,2885.60009765625,2885.60009765625,0,1.0,Monday
2008-11-03,2008-11-03,2885.39990234375,3240.550048828125,2860.10009765625,2973.0,2973.0,0,1.0,Friday
2008-11-10,2008-11-10,2973.300048828125,3161.25,2778.800048828125,2810.35009765625,2810.35009765625,0,-1.0,Monday
2008-11-17,2008-11-17,2813.39990234375,2835.699951171875,2502.89990234375,2693.449951171875,2693.449951171875,0,-1.0,Monday
2008-11-24,2008-11-24,2690.85009765625,2790.699951171875,2633.800048828125,2755.10009765625,2755.10009765625,0,1.0,Monday
2008-12-01,2008-12-01,2755.14990234375,2832.85009765625,2570.699951171875,2714.39990234375,2714.39990234375,0,-1.0,Monday
2008-12-08,2008-12-08,2714.699951171875,2945.300048828125,2714.699951171875,2921.35009765625,2921.35009765625,0,1.0,Monday
2008-12-15,2008-12-15,2917.89990234375,3106.800048828125,2917.89990234375,3077.5,3077.5,0,1.0,Monday
2008-12-22,2008-12-22,3077.25,3110.449951171875,2844.800048828125,2857.25,2857.25,0,-1.0,Monday
2008-12-29,2008-12-29,2857.14990234375,3079.85009765625,2812.89990234375,3046.75,3046.75,0,1.0,Monday
2009-01-05,2009-01-05,3058.75,3147.199951171875,2810.25,2873.0,2873.0,0,-1.0,Wednesday
2009-01-12,2009-01-12,2868.85009765625,2869.199951171875,2701.75,2828.449951171875,2828.449951171875,0,-1.0,Monday
2009-01-19,2009-01-19,2828.699951171875,2868.199951171875,2661.64990234375,2678.550048828125,2678.550048828125,0,-1.0,Monday
2009-01-26,2009-01-26,2686.050048828125,2881.0,2685.25,2874.800048828125,2874.800048828125,0,1.0,Tuesday
2009-02-02,2009-02-02,2872.35009765625,2873.449951171875,2752.89990234375,2843.10009765625,2843.10009765625,0,-1.0,Monday
2009-02-09,2009-02-09,2843.050048828125,2969.75,2840.14990234375,2948.35009765625,2948.35009765625,0,1.0,Monday
2009-02-16,2009-02-16,2948.25,2953.199951171875,2709.300048828125,2736.449951171875,2736.449951171875,0,-1.0,Monday
2009-02-23,2009-02-23,2737.25,2797.800048828125,2677.550048828125,2763.64990234375,2763.64990234375,0,1.0,Tuesday
2009-03-02,2009-03-02,2764.60009765625,2764.60009765625,2539.449951171875,2620.14990234375,2620.14990234375,0,-1.0,Monday
2009-03-09,2009-03-09,2620.10009765625,2726.14990234375,2555.60009765625,2719.25,2719.25,0,1.0,Monday
2009-03-16,2009-03-16,2716.050048828125,2836.050048828125,2701.949951171875,2807.050048828125,2807.050048828125,0,1.0,Monday
2009-03-23,2009-03-23,2807.25,3123.35009765625,2807.25,3108.64990234375,3108.64990234375,0,1.0,Monday
2009-03-30,2009-03-30,3108.75,3228.75,2962.39990234375,3211.050048828125,3211.050048828125,0,1.0,Monday
2009-04-06,2009-04-06,3211.35009765625,3401.14990234375,3149.25,3342.050048828125,3342.050048828125,0,1.0,Wednesday
2009-04-13,2009-04-13,3342.199951171875,3511.25,3311.800048828125,3384.39990234375,3384.39990234375,0,1.0,Wednesday
2009-04-20,2009-04-20,3384.75,3491.35009765625,3296.89990234375,3480.75,3480.75,0,1.0,Wednesday
2009-04-27,2009-04-27,3481.300048828125,3517.25,3351.5,3473.949951171875,3473.949951171875,0,-1.0,Monday
2009-05-04,2009-05-04,3478.699951171875,3717.050048828125,3478.699951171875,3620.699951171875,3620.699951171875,0,1.0,Monday
2009-05-11,2009-05-11,3615.75,3709.60009765625,3534.199951171875,3671.64990234375,3671.64990234375,0,1.0,Tuesday
2009-05-18,2009-05-18,3673.14990234375,4509.39990234375,3673.14990234375,4238.5,4238.5,0,1.0,Monday
2009-05-25,2009-05-25,4238.10009765625,4488.0498046875,4092.25,4448.9501953125,4448.9501953125,0,1.0,Tuesday
2009-06-01,2009-06-01,4450.39990234375,4636.85009765625,4450.39990234375,4586.89990234375,4586.89990234375,0,1.0,Monday
2009-06-08,2009-06-08,4582.35009765625,4693.2001953125,4365.10009765625,4583.39990234375,4583.39990234375,0,1.0,Tuesday
2009-06-15,2009-06-15,4584.64990234375,4601.0498046875,4206.7001953125,4313.60009765625,4313.60009765625,0,-1.0,Monday
2009-06-22,2009-06-22,4314.2001953125,4383.75,4143.25,4375.5,4375.5,0,1.0,Tuesday
2009-06-29,2009-06-29,4375.39990234375,4439.9501953125,4249.7001953125,4424.25,4424.25,0,1.0,Wednesday
2009-07-06,2009-07-06,4429.60009765625,4479.7998046875,3976.800048828125,4003.89990234375,4003.89990234375,0,-1.0,Monday
2009-07-13,2009-07-13,4003.39990234375,4390.39990234375,3918.75,4374.9501953125,4374.9501953125,0,1.0,Monday
2009-07-20,2009-07-20,4377.89990234375,4578.75,4377.89990234375,4568.5498046875,4568.5498046875,0,1.0,Monday
2009-07-27,2009-07-27,4568.64990234375,4669.75,4420.7998046875,4636.4501953125,4636.4501953125,0,1.0,Wednesday
2009-08-03,2009-08-03,4633.7998046875,4731.4501953125,4463.9501953125,4481.39990234375,4481.39990234375,0,-1.0,Tuesday
2009-08-10,2009-08-10,4486.5,4619.0,4359.39990234375,4580.0498046875,4580.0498046875,0,1.0,Wednesday
2009-08-17,2009-08-17,4578.7998046875,4578.7998046875,4353.4501953125,4528.7998046875,4528.7998046875,0,-1.0,Monday
2009-08-24,2009-08-24,4536.9501953125,4743.75,4536.9501953125,4732.35009765625,4732.35009765625,0,1.0,Monday
2009-08-31,2009-08-31,4730.85009765625,4735.89990234375,4576.60009765625,4680.39990234375,4680.39990234375,0,-1.0,Tuesday
2009-09-07,2009-09-07,4682.39990234375,4889.0498046875,4679.2998046875,4829.5498046875,4829.5498046875,0,1.0,Monday
2009-09-14,2009-09-14,4830.35009765625,5003.0498046875,4786.25,4976.0498046875,4976.0498046875,0,1.0,Monday
2009-09-21,2009-09-21,4977.10009765625,5036.2998046875,4904.0498046875,4958.9501953125,4958.9501953125,0,-1.0,Tuesday
2009-09-28,2009-09-28,4959.14990234375,5110.5,4959.10009765625,5083.39990234375,5083.39990234375,0,1.0,Tuesday
2009-10-05,2009-10-05,5076.0498046875,5077.0,4921.0498046875,4945.2001953125,4945.2001953125,0,-1.0,Wednesday
2009-10-12,2009-10-12,4945.4501953125,5152.25,4945.4501953125,5142.14990234375,5142.14990234375,0,1.0,Monday
2009-10-19,2009-10-19,5145.60009765625,5181.9501953125,4968.4501953125,4997.0498046875,4997.0498046875,0,-1.0,Tuesday
2009-10-26,2009-10-26,4997.14990234375,5033.75,4687.5,4711.7001953125,4711.7001953125,0,-1.0,Monday
2009-11-02,2009-11-02,4712.25,4836.2001953125,4538.5,4796.14990234375,4796.14990234375,0,1.0,Tuesday
2009-11-09,2009-11-09,4796.14990234375,5017.89990234375,4789.89990234375,4998.9501953125,4998.9501953125,0,1.0,Monday
2009-11-16,2009-11-16,4996.5,5079.2998046875,4932.7998046875,5052.4501953125,5052.4501953125,0,1.0,Friday
2009-11-23,2009-11-23,5052.9501953125,5138.0,4806.7001953125,4941.75,4941.75,0,-1.0,Wednesday
2009-11-30,2009-11-30,4942.25,5181.0,4942.25,5108.89990234375,5108.89990234375,0,1.0,Monday
2009-12-07,2009-12-07,5108.85009765625,5182.5498046875,5051.5498046875,5117.2998046875,5117.2998046875,0,1.0,Monday
2009-12-14,2009-12-14,5117.4501953125,5156.7001953125,4979.0498046875,4987.7001953125,4987.7001953125,0,-1.0,Monday
2009-12-21,2009-12-21,4983.64990234375,5197.89990234375,4943.9501953125,5178.39990234375,5178.39990234375,0,1.0,Monday
2009-12-28,2009-12-28,5180.75,5221.85009765625,5160.10009765625,5201.0498046875,5201.0498046875,0,1.0,Wednesday
2010-01-04,2010-01-04,5200.89990234375,5310.85009765625,5167.10009765625,5244.75,5244.75,0,1.0,Monday
2010-01-11,2010-01-11,5263.7998046875,5300.5,5169.5498046875,5252.2001953125,5252.2001953125,0,-1.0,Tuesday
2010-01-18,2010-01-18,5253.64990234375,5292.5,4954.85009765625,5036.0,5036.0,0,-1.0,Monday
2010-01-25,2010-01-25,5034.5498046875,5035.7001953125,4766.0,4882.0498046875,4882.0498046875,0,-1.0,Monday
2010-02-01,2010-02-01,4882.0498046875,4951.14990234375,4692.35009765625,4718.64990234375,4718.64990234375,0,-1.0,Tuesday
2010-02-08,2010-02-08,4755.35009765625,4843.7998046875,4675.39990234375,4826.85009765625,4826.85009765625,0,1.0,Monday
2010-02-15,2010-02-15,4827.89990234375,4929.7001953125,4783.89990234375,4844.89990234375,4844.89990234375,0,1.0,Monday
2010-02-22,2010-02-22,4849.35009765625,4992.0,4833.14990234375,4922.2998046875,4922.2998046875,0,1.0,Tuesday
2010-03-01,2010-03-01,4935.60009765625,5118.64990234375,4935.35009765625,5088.7001953125,5088.7001953125,0,1.0,Tuesday
2010-03-08,2010-03-08,5092.14990234375,5158.10009765625,5092.0498046875,5137.0,5137.0,0,1.0,Wednesday
2010-03-15,2010-03-15,5134.4501953125,5269.9501953125,5101.2001953125,5262.7998046875,5262.7998046875,0,1.0,Monday
2010-03-22,2010-03-22,5260.9501953125,5293.75,5187.0498046875,5282.0,5282.0,0,1.0,Monday
2010-03-29,2010-03-29,5283.89990234375,5329.5498046875,5235.14990234375,5290.5,5290.5,0,1.0,Wednesday
2010-04-05,2010-04-05,5291.39990234375,5399.64990234375,5290.25,5361.75,5361.75,0,1.0,Thursday
2010-04-12,2010-04-12,5354.14990234375,5382.14990234375,5237.5498046875,5262.60009765625,5262.60009765625,0,-1.0,Monday
2010-04-19,2010-04-19,5279.0498046875,5331.7998046875,5160.89990234375,5304.10009765625,5304.10009765625,0,1.0,Monday
2010-04-26,2010-04-26,5299.35009765625,5342.35009765625,5202.4501953125,5278.0,5278.0,0,-1.0,Monday
2010-05-03,2010-05-03,5278.39990234375,5278.7001953125,4984.60009765625,5018.0498046875,5018.0498046875,0,-1.0,Monday
2010-05-10,2010-05-10,5026.60009765625,5212.7001953125,5026.60009765625,5093.5,5093.5,0,1.0,Monday
2010-05-17,2010-05-17,5093.89990234375,5105.2001953125,4842.2998046875,4931.14990234375,4931.14990234375,0,-1.0,Tuesday
2010-05-24,2010-05-24,4944.2998046875,5077.25,4786.4501953125,5066.5498046875,5066.5498046875,0,1.0,Tuesday
2010-05-31,2010-05-31,5076.10009765625,5147.89990234375,4961.0498046875,5135.5,5135.5,0,1.0,Tuesday
2010-06-07,2010-06-07,5132.9501953125,5139.0498046875,4967.2998046875,5119.35009765625,5119.35009765625,0,-1.0,Friday
2010-06-14,2010-06-14,5120.14990234375,5302.2998046875,5120.14990234375,5262.60009765625,5262.60009765625,0,1.0,Monday
2010-06-21,2010-06-21,5266.5,5366.75,5259.89990234375,5269.0498046875,5269.0498046875,0,1.0,Friday
2010-06-28,2010-06-28,5271.10009765625,5339.4501953125,5210.0,5237.10009765625,5237.10009765625,0,-1.0,Monday
2010-07-05,2010-07-05,5237.0,5359.0498046875,5225.85009765625,5352.4501953125,5352.4501953125,0,1.0,Monday
2010-07-12,2010-07-12,5352.25,5453.4501953125,5351.60009765625,5393.89990234375,5393.89990234375,0,1.0,Monday
2010-07-19,2010-07-19,5392.7001953125,5477.5,5353.60009765625,5449.10009765625,5449.10009765625,0,1.0,Tuesday
2010-07-26,2010-07-26,5446.5498046875,5466.25,5349.2001953125,5367.60009765625,5367.60009765625,0,-1.0,Monday
2010-08-02,2010-08-02,5369.5498046875,5487.14990234375,5351.2998046875,5439.25,5439.25,0,1.0,Monday
2010-08-09,2010-08-09,5439.7998046875,5492.2998046875,5372.4501953125,5452.10009765625,5452.10009765625,0,1.0,Thursday
2010-08-16,2010-08-16,5452.10009765625,5546.60009765625,5397.39990234375,5530.64990234375,5530.64990234375,0,1.0,Monday
2010-08-23,2010-08-23,5531.14990234375,5549.7998046875,5391.9501953125,5408.7001953125,5408.7001953125,0,-1.0,Monday
2010-08-30,2010-08-30,5408.89990234375,5513.9501953125,5348.89990234375,5479.39990234375,5479.39990234375,0,1.0,Tuesday
2010-09-06,2010-09-06,5479.5498046875,5647.4501953125,5479.5498046875,5640.0498046875,5640.0498046875,0,1.0,Monday
2010-09-13,2010-09-13,5639.2001953125,5901.64990234375,5639.2001953125,5884.9501953125,5884.9501953125,0,1.0,Monday
2010-09-20,2010-09-20,5885.0498046875,6037.39990234375,5885.0498046875,6018.2998046875,6018.2998046875,0,1.0,Monday
2010-09-27,2010-09-27,6018.2998046875,6153.10009765625,5963.60009765625,6143.39990234375,6143.39990234375,0,1.0,Thursday
2010-10-04,2010-10-04,6144.7001953125,6223.39990234375,6067.0,6103.4501953125,6103.4501953125,0,-1.0,Wednesday
2010-10-11,2010-10-11,6105.9501953125,6284.10009765625,6050.35009765625,6062.64990234375,6062.64990234375,0,-1.0,Thursday
2010-10-18,2010-10-18,6112.75,6127.0498046875,5966.75,6066.0498046875,6066.0498046875,0,-1.0,Tuesday
2010-10-25,2010-10-25,6101.25,6151.2998046875,5937.10009765625,6017.7001953125,6017.7001953125,0,-1.0,Monday
2010-11-01,2010-11-01,6092.2998046875,6338.5,6084.75,6312.4501953125,6312.4501953125,0,1.0,Monday
2010-11-08,2010-11-08,6335.25,6335.89990234375,6056.75,6071.64990234375,6071.64990234375,0,-1.0,Monday
2010-11-15,2010-11-15,6079.89990234375,6144.0498046875,5863.9501953125,5890.2998046875,5890.2998046875,0,-1.0,Tuesday
2010-11-22,2010-11-22,5920.89990234375,6020.25,5690.35009765625,5751.9501953125,5751.9501953125,0,-1.0,Monday
2010-11-29,2010-11-29,5789.9501953125,6029.5,5754.7001953125,5992.7998046875,5992.7998046875,0,1.0,Monday
2010-12-06,2010-12-06,6033.64990234375,6069.4501953125,5721.14990234375,5857.35009765625,5857.35009765625,0,-1.0,Monday
2010-12-13,2010-12-13,5882.64990234375,5956.14990234375,5795.89990234375,5948.75,5948.75,0,1.0,Monday
2010-12-20,2010-12-20,5926.85009765625,6023.7998046875,5900.25,6011.60009765625,6011.60009765625,0,1.0,Monday
2010-12-27,2010-12-27,6013.2998046875,6147.2998046875,5982.25,6134.5,6134.5,0,1.0,Tuesday
2011-01-03,2011-01-03,6177.4501953125,6181.0498046875,5883.60009765625,5904.60009765625,5904.60009765625,0,-1.0,Tuesday
2011-01-10,2011-01-10,5901.2998046875,5907.25,5639.64990234375,5654.5498046875,5654.5498046875,0,-1.0,Monday
2011-01-17,2011-01-17,5648.7998046875,5747.64990234375,5624.14990234375,5696.5,5696.5,0,1.0,Monday
2011-01-24,2011-01-24,5717.10009765625,5801.5498046875,5459.5498046875,5512.14990234375,5512.14990234375,0,-1.0,Tuesday
2011-01-31,2011-01-31,5452.5498046875,5556.2998046875,5369.0498046875,5395.75,5395.75,0,-1.0,Friday
2011-02-07,2011-02-07,5430.14990234375,5440.35009765625,5177.7001953125,5310.0,5310.0,0,-1.0,Monday
2011-02-14,2011-02-14,5340.25,5599.25,5340.25,5458.9501953125,5458.9501953125,0,1.0,Monday
2011-02-21,2011-02-21,5456.60009765625,5526.25,5232.75,5303.5498046875,5303.5498046875,0,-1.0,Monday
2011-02-28,2011-02-28,5330.14990234375,5608.2001953125,5308.60009765625,5538.75,5538.75,0,1.0,Monday
2011-03-07,2011-03-07,5490.0498046875,5563.2998046875,5408.4501953125,5445.4501953125,5445.4501953125,0,-1.0,Wednesday
2011-03-14,2011-03-14,5436.5,5537.2998046875,5366.39990234375,5373.7001953125,5373.7001953125,0,-1.0,Monday
2011-03-21,2011-03-21,5408.75,5667.10009765625,5348.2001953125,5654.25,5654.25,0,1.0,Monday
2011-03-28,2011-03-28,5645.25,5872.0,5643.2001953125,5826.0498046875,5826.0498046875,0,1.0,Monday
2011-04-04,2011-04-04,5842.0,5944.4501953125,5822.0,5842.0,5842.0,0,1.0,Friday
2011-04-11,2011-04-11,5805.35009765625,5923.60009765625,5735.5498046875,5824.5498046875,5824.5498046875,0,1.0,Wednesday
2011-04-18,2011-04-18,5824.35009765625,5912.89990234375,5693.25,5884.7001953125,5884.7001953125,0,1.0,Tuesday
2011-04-25,2011-04-25,5859.60009765625,5906.60009765625,5706.0498046875,5749.5,5749.5,0,-1.0,Monday
2011-05-02,2011-05-02,5766.89990234375,5775.25,5443.64990234375,5551.4501953125,5551.4501953125,0,-1.0,Monday
2011-05-09,2011-05-09,5575.2001953125,5605.0,5472.14990234375,5544.75,5544.75,0,-1.0,Friday
2011-05-16,2011-05-16,5541.7001953125,5541.7998046875,5401.25,5486.35009765625,5486.35009765625,0,-1.0,Monday
2011-05-23,2011-05-23,5456.7001953125,5485.7998046875,5328.7001953125,5476.10009765625,5476.10009765625,0,1.0,Wednesday
2011-05-30,2011-05-30,5493.75,5604.9501953125,5458.60009765625,5516.75,5516.75,0,1.0,Monday
2011-06-06,2011-06-06,5504.2998046875,5570.10009765625,5457.4501953125,5485.7998046875,5485.7998046875,0,-1.0,Tuesday
2011-06-13,2011-06-13,5469.85009765625,5520.14990234375,5355.85009765625,5366.39990234375,5366.39990234375,0,-1.0,Tuesday
2011-06-20,2011-06-20,5372.2001953125,5477.85009765625,5195.89990234375,5471.25,5471.25,0,1.0,Monday
2011-06-27,2011-06-27,5441.2001953125,5705.7998046875,5434.25,5627.2001953125,5627.2001953125,0,1.0,Monday
2011-07-04,2011-07-04,5679.5498046875,5740.39990234375,5610.75,5660.64990234375,5660.64990234375,0,-1.0,Friday
2011-07-11,2011-07-11,5648.0498046875,5652.89990234375,5496.9501953125,5581.10009765625,5581.10009765625,0,-1.0,Monday
2011-07-18,2011-07-18,5581.75,5645.39990234375,5532.7001953125,5633.9501953125,5633.9501953125,0,1.0,Thursday
2011-07-25,2011-07-25,5633.7998046875,5702.25,5453.9501953125,5482.0,5482.0,0,-1.0,Tuesday
2011-08-01,2011-08-01,5527.5,5551.89990234375,5116.4501953125,5211.25,5211.25,0,-1.0,Monday
2011-08-08,2011-08-08,5083.85009765625,5204.2001953125,4946.4501953125,5072.9501953125,5072.9501953125,0,-1.0,Monday
2011-08-15,2011-08-15,5125.75,5132.2001953125,4796.10009765625,4845.64990234375,4845.64990234375,0,-1.0,Tuesday
2011-08-22,2011-08-22,4843.7001953125,4965.7998046875,4720.0,4747.7998046875,4747.7998046875,0,-1.0,Tuesday
2011-08-29,2011-08-29,4806.2001953125,5113.7001953125,4806.0498046875,5040.0,5040.0,0,1.0,Monday
2011-09-05,2011-09-05,4998.89990234375,5169.25,4942.89990234375,5059.4501953125,5059.4501953125,0,1.0,Tuesday
2011-09-12,2011-09-12,4981.7001953125,5143.60009765625,4911.0498046875,5084.25,5084.25,0,1.0,Tuesday
2011-09-19,2011-09-19,5068.39990234375,5168.39990234375,4829.60009765625,4867.75,4867.75,0,-1.0,Wednesday
2011-09-26,2011-09-26,4878.60009765625,5034.25,4758.85009765625,4943.25,4943.25,0,1.0,Monday
2011-10-03,2011-10-03,4874.39990234375,4922.60009765625,4728.2998046875,4888.0498046875,4888.0498046875,0,1.0,Tuesday
2011-10-10,2011-10-10,4886.85009765625,5141.39990234375,4882.0498046875,5132.2998046875,5132.2998046875,0,1.0,Monday
2011-10-17,2011-10-17,5156.2001953125,5160.2001953125,5011.0498046875,5049.9501953125,5049.9501953125,0,-1.0,Monday
2011-10-24,2011-10-24,5114.7001953125,5399.7001953125,5084.75,5360.7001953125,5360.7001953125,0,1.0,Monday
2011-10-31,2011-10-31,5358.89990234375,5360.25,5201.85009765625,5284.2001953125,5284.2001953125,0,-1.0,Monday
2011-11-07,2011-11-07,5292.25,5317.5,5142.25,5168.85009765625,5168.85009765625,0,-1.0,Wednesday
2011-11-14,2011-11-14,5217.35009765625,5228.89990234375,4837.9501953125,4905.7998046875,4905.7998046875,0,-1.0,Monday
2011-11-21,2011-11-21,4873.7998046875,4873.7998046875,4640.9501953125,4710.0498046875,4710.0498046875,0,-1.0,Monday
2011-11-28,2011-11-28,4769.2998046875,5062.5498046875,4754.7998046875,5050.14990234375,5050.14990234375,0,1.0,Wednesday
2011-12-05,2011-12-05,5036.5,5099.25,4841.75,4866.7001953125,4866.7001953125,0,-1.0,Wednesday
2011-12-12,2011-12-12,4906.85009765625,4910.25,4628.2001953125,4651.60009765625,4651.60009765625,0,-1.0,Monday
2011-12-19,2011-12-19,4623.14990234375,4763.4501953125,4531.14990234375,4714.0,4714.0,0,1.0,Tuesday
2011-12-26,2011-12-26,4780.2001953125,4800.5,4608.89990234375,4624.2998046875,4624.2998046875,0,-1.0,Tuesday
2012-01-02,2012-01-02,4675.7998046875,4794.89990234375,4675.7998046875,4754.10009765625,4754.10009765625,0,1.0,Tuesday
2012-01-09,2012-01-09,4747.5498046875,4898.85009765625,4695.4501953125,4866.0,4866.0,0,1.0,Monday
2012-01-16,2012-01-16,4844.0,5064.14990234375,4827.0498046875,5048.60009765625,5048.60009765625,0,1.0,Monday
2012-01-23,2012-01-23,5025.35009765625,5217.0,5021.35009765625,5204.7001953125,5204.7001953125,0,1.0,Monday
2012-01-30,2012-01-30,5163.5498046875,5334.85009765625,5076.7001953125,5325.85009765625,5325.85009765625,0,1.0,Monday
2012-02-06,2012-02-06,5379.4501953125,5427.75,5322.9501953125,5381.60009765625,5381.60009765625,0,1.0,Tuesday
2012-02-13,2012-02-13,5382.10009765625,5606.7001953125,5351.39990234375,5564.2998046875,5564.2998046875,0,1.0,Monday
2012-02-20,2012-02-20,5561.89990234375,5629.9501953125,5405.89990234375,5429.2998046875,5429.2998046875,0,-1.0,Wednesday
2012-02-27,2012-02-27,5448.10009765625,5458.7998046875,5268.14990234375,5359.35009765625,5359.35009765625,0,-1.0,Wednesday
2012-03-05,2012-03-05,5342.5498046875,5382.0498046875,5171.4501953125,5333.5498046875,5333.5498046875,0,-1.0,Tuesday
2012-03-12,2012-03-12,5420.10009765625,5499.39990234375,5305.0,5317.89990234375,5317.89990234375,0,-1.0,Wednesday
2012-03-19,2012-03-19,5337.35009765625,5385.9501953125,5205.64990234375,5278.2001953125,5278.2001953125,0,-1.0,Thursday
2012-03-26,2012-03-26,5274.35009765625,5307.10009765625,5135.9501953125,5295.5498046875,5295.5498046875,0,1.0,Thursday
2012-04-02,2012-04-02,5296.35009765625,5378.75,5278.7998046875,5322.89990234375,5322.89990234375,0,1.0,Monday
2012-04-09,2012-04-09,5282.5,5306.75,5185.39990234375,5207.4501953125,5207.4501953125,0,-1.0,Friday
2012-04-16,2012-04-16,5190.60009765625,5342.4501953125,5183.5,5290.85009765625,5290.85009765625,0,1.0,Monday
2012-04-23,2012-04-23,5277.39990234375,5310.5498046875,5154.2998046875,5190.60009765625,5190.60009765625,0,-1.0,Monday
2012-04-30,2012-04-30,5201.4501953125,5279.60009765625,5070.60009765625,5086.85009765625,5086.85009765625,0,-1.0,Wednesday
2012-05-07,2012-05-07,5017.7998046875,5124.75,4906.14990234375,4928.89990234375,4928.89990234375,0,-1.0,Monday
2012-05-14,2012-05-14,4934.35009765625,4957.2001953125,4788.9501953125,4891.4501953125,4891.4501953125,0,-1.0,Monday
2012-05-21,2012-05-21,4954.7001953125,4956.35009765625,4803.9501953125,4920.39990234375,4920.39990234375,0,-1.0,Tuesday
2012-05-28,2012-05-28,4931.7001953125,5020.14990234375,4831.75,4841.60009765625,4841.60009765625,0,-1.0,Tuesday
2012-06-04,2012-06-04,4797.2998046875,5084.4501953125,4770.35009765625,5068.35009765625,5068.35009765625,0,1.0,Monday
2012-06-11,2012-06-11,5096.7001953125,5146.2001953125,5015.14990234375,5139.0498046875,5139.0498046875,0,1.0,Tuesday
2012-06-18,2012-06-18,5174.0,5190.2001953125,5041.7001953125,5146.0498046875,5146.0498046875,0,-1.0,Monday
2012-06-25,2012-06-25,5158.5,5286.25,5095.5,5278.89990234375,5278.89990234375,0,1.0,Tuesday
2012-07-02,2012-07-02,5283.85009765625,5333.64990234375,5263.35009765625,5316.9501953125,5316.9501953125,0,1.0,Monday
2012-07-09,2012-07-09,5283.7001953125,5348.5498046875,5216.85009765625,5227.25,5227.25,0,-1.0,Tuesday
2012-07-16,2012-07-16,5232.35009765625,5257.75,5169.0498046875,5205.10009765625,5205.10009765625,0,-1.0,Thursday
2012-07-23,2012-07-23,5163.25,5164.2001953125,5032.39990234375,5099.85009765625,5099.85009765625,0,-1.0,Monday
2012-07-30,2012-07-30,5129.75,5246.35009765625,5129.75,5215.7001953125,5215.7001953125,0,1.0,Monday
2012-08-06,2012-08-06,5260.85009765625,5377.60009765625,5260.85009765625,5320.39990234375,5320.39990234375,0,1.0,Monday
2012-08-13,2012-08-13,5316.35009765625,5399.9501953125,5309.0498046875,5366.2998046875,5366.2998046875,0,1.0,Monday
2012-08-20,2012-08-20,5368.7001953125,5448.60009765625,5368.7001953125,5386.7001953125,5386.7001953125,0,1.0,Tuesday
2012-08-27,2012-08-27,5387.85009765625,5399.14990234375,5238.89990234375,5258.5,5258.5,0,-1.0,Monday
2012-09-03,2012-09-03,5276.5,5347.14990234375,5215.7001953125,5342.10009765625,5342.10009765625,0,1.0,Wednesday
2012-09-10,2012-09-10,5361.89990234375,5586.64990234375,5332.10009765625,5577.64990234375,5577.64990234375,0,1.0,Tuesday
2012-09-17,2012-09-17,5631.75,5720.0,5534.89990234375,5691.14990234375,5691.14990234375,0,1.0,Thursday
2012-09-24,2012-09-24,5691.9501953125,5735.14990234375,5638.64990234375,5703.2998046875,5703.2998046875,0,1.0,Wednesday
2012-10-01,2012-10-01,5704.75,5815.35009765625,4888.2001953125,5746.9501953125,5746.9501953125,0,1.0,Friday
2012-10-08,2012-10-08,5751.85009765625,5751.85009765625,5636.9501953125,5676.0498046875,5676.0498046875,0,-1.0,Monday
2012-10-15,2012-10-15,5674.25,5722.5,5633.89990234375,5684.25,5684.25,0,1.0,Wednesday
2012-10-22,2012-10-22,5667.60009765625,5721.5498046875,5641.75,5664.2998046875,5664.2998046875,0,-1.0,Monday
2012-10-29,2012-10-29,5665.2001953125,5711.2998046875,5583.0498046875,5697.7001953125,5697.7001953125,0,1.0,Wednesday
2012-11-05,2012-11-05,5693.0498046875,5777.2998046875,5677.75,5686.25,5686.25,0,-1.0,Wednesday
2012-11-12,2012-11-12,5688.4501953125,5718.89990234375,5559.7998046875,5574.0498046875,5574.0498046875,0,-1.0,Monday
2012-11-19,2012-11-19,5577.2998046875,5643.35009765625,5548.35009765625,5626.60009765625,5626.60009765625,0,1.0,Tuesday
2012-11-26,2012-11-26,5648.64990234375,5885.25,5623.4501953125,5879.85009765625,5879.85009765625,0,1.0,Monday
2012-12-03,2012-12-03,5878.25,5949.85009765625,5838.89990234375,5907.39990234375,5907.39990234375,0,1.0,Thursday
2012-12-10,2012-12-10,5916.0498046875,5965.14990234375,5839.14990234375,5879.60009765625,5879.60009765625,0,-1.0,Tuesday
2012-12-17,2012-12-17,5860.5,5939.39990234375,5823.14990234375,5847.7001953125,5847.7001953125,0,-1.0,Wednesday
2012-12-24,2012-12-24,5869.0,5930.7998046875,5844.7001953125,5908.35009765625,5908.35009765625,0,1.0,Monday
2012-12-31,2012-12-31,5901.2001953125,6020.75,5897.14990234375,6016.14990234375,6016.14990234375,0,1.0,Monday
2013-01-07,2013-01-07,6042.14990234375,6042.14990234375,5940.60009765625,5951.2998046875,5951.2998046875,0,-1.0,Monday
2013-01-14,2013-01-14,5967.2001953125,6083.39990234375,5962.14990234375,6064.39990234375,6064.39990234375,0,1.0,Monday
2013-01-21,2013-01-21,6085.75,6101.2998046875,6007.85009765625,6074.64990234375,6074.64990234375,729700,-1.0,Tuesday
2013-01-28,2013-01-28,6082.10009765625,6111.7998046875,5983.2001953125,5998.89990234375,5998.89990234375,722700,-1.0,Tuesday
2013-02-04,2013-02-04,6025.2001953125,6038.5,5883.64990234375,5903.5,5903.5,785900,-1.0,Monday
2013-02-11,2013-02-11,5920.0498046875,5969.5,5853.89990234375,5887.39990234375,5887.39990234375,676300,-1.0,Wednesday
2013-02-18,2013-02-18,5888.64990234375,5971.0,5835.7998046875,5850.2998046875,5850.2998046875,667100,-1.0,Wednesday
2013-02-25,2013-02-25,5870.5498046875,5878.39990234375,5671.89990234375,5719.7001953125,5719.7001953125,967100,-1.0,Monday
2013-03-04,2013-03-04,5704.7001953125,5952.85009765625,5663.60009765625,5945.7001953125,5945.7001953125,741700,1.0,Monday
2013-03-11,2013-03-11,5946.10009765625,5971.2001953125,5791.75,5872.60009765625,5872.60009765625,659200,-1.0,Monday
2013-03-18,2013-03-18,5816.75,5863.60009765625,5631.7998046875,5651.35009765625,5651.35009765625,817100,-1.0,Tuesday
2013-03-25,2013-03-25,5707.2998046875,5718.39990234375,5604.85009765625,5682.5498046875,5682.5498046875,486600,-1.0,Monday
2013-04-01,2013-04-01,5697.35009765625,5754.60009765625,5534.7001953125,5553.25,5553.25,617000,-1.0,Tuesday
2013-04-08,2013-04-08,5550.5,5610.64990234375,5477.2001953125,5528.5498046875,5528.5498046875,637900,-1.0,Thursday
2013-04-15,2013-04-15,5508.5,5794.35009765625,5500.2998046875,5783.10009765625,5783.10009765625,590100,1.0,Monday
2013-04-22,2013-04-22,5789.85009765625,5924.60009765625,5789.7998046875,5871.4501953125,5871.4501953125,608200,1.0,Monday
2013-04-29,2013-04-29,5877.60009765625,6019.4501953125,5867.7998046875,5944.0,5944.0,580300,1.0,Tuesday
2013-05-06,2013-05-06,5944.89990234375,6105.2998046875,5928.4501953125,6094.75,6094.75,590300,1.0,Monday
2013-05-13,2013-05-13,6098.2001953125,6199.9501953125,5970.0498046875,6187.2998046875,6187.2998046875,687000,1.0,Tuesday
2013-05-20,2013-05-20,6198.0,6229.4501953125,5936.7998046875,5983.5498046875,5983.5498046875,747200,-1.0,Monday
2013-05-27,2013-05-27,5989.39990234375,6133.75,5975.5498046875,5985.9501953125,5985.9501953125,744400,-1.0,Thursday
2013-06-03,2013-06-03,5997.35009765625,6011.0,5869.5,5881.0,5881.0,569300,-1.0,Monday
2013-06-10,2013-06-10,5907.89990234375,5931.64990234375,5683.10009765625,5808.39990234375,5808.39990234375,687800,-1.0,Monday
2013-06-17,2013-06-17,5820.39990234375,5863.39990234375,5616.85009765625,5667.64990234375,5667.64990234375,721000,-1.0,Tuesday
2013-06-24,2013-06-24,5638.0498046875,5852.9501953125,5566.25,5842.2001953125,5842.2001953125,1003600,1.0,Monday
2013-07-01,2013-07-01,5834.10009765625,5904.35009765625,5760.39990234375,5867.89990234375,5867.89990234375,726500,1.0,Wednesday
2013-07-08,2013-07-08,5833.14990234375,6019.0,5775.5498046875,6009.0,6009.0,603400,1.0,Monday
2013-07-15,2013-07-15,5991.2001953125,6066.85009765625,5910.9501953125,6029.2001953125,6029.2001953125,794000,1.0,Tuesday
2013-07-22,2013-07-22,6009.75,6093.35009765625,5869.5,5886.2001953125,5886.2001953125,805200,-1.0,Tuesday
2013-07-29,2013-07-29,5869.9501953125,5886.0,5649.0,5677.89990234375,5677.89990234375,1029700,-1.0,Monday
2013-08-05,2013-08-05,5682.39990234375,5721.0,5486.85009765625,5565.64990234375,5565.64990234375,863300,-1.0,Monday
2013-08-12,2013-08-12,5606.7001953125,5754.5498046875,5496.0498046875,5507.85009765625,5507.85009765625,890500,-1.0,Wednesday
2013-08-19,2013-08-19,5497.5498046875,5504.10009765625,5254.0498046875,5471.75,5471.75,1271800,-1.0,Wednesday
2013-08-26,2013-08-26,5499.39990234375,5528.7001953125,5118.85009765625,5471.7998046875,5471.7998046875,1546900,-1.0,Monday
2013-09-02,2013-09-02,5480.25,5688.60009765625,5318.89990234375,5680.39990234375,5680.39990234375,1229600,1.0,Wednesday
2013-09-09,2013-09-09,5738.5,5932.0,5738.2001953125,5850.60009765625,5850.60009765625,1004000,1.0,Tuesday
2013-09-16,2013-09-16,5930.2998046875,6142.5,5798.14990234375,6012.10009765625,6012.10009765625,1136800,1.0,Monday
2013-09-23,2013-09-23,5945.7998046875,5989.39990234375,5811.10009765625,5833.2001953125,5833.2001953125,959800,-1.0,Monday
2013-09-30,2013-09-30,5801.0498046875,5950.4501953125,5700.9501953125,5907.2998046875,5907.2998046875,706200,1.0,Tuesday
2013-10-07,2013-10-07,5889.0498046875,6107.60009765625,5825.85009765625,6096.2001953125,6096.2001953125,847300,1.0,Monday
2013-10-14,2013-10-14,6093.0,6201.4501953125,6032.5498046875,6189.35009765625,6189.35009765625,841400,1.0,Thursday
2013-10-21,2013-10-21,6202.0,6252.4501953125,6116.60009765625,6144.89990234375,6144.89990234375,840600,-1.0,Thursday
2013-10-28,2013-10-28,6155.10009765625,6332.60009765625,6079.2001953125,6307.2001953125,6307.2001953125,952400,1.0,Tuesday
2013-11-04,2013-11-04,6282.14990234375,6304.75,6120.9501953125,6140.75,6140.75,657100,-1.0,Tuesday
2013-11-11,2013-11-11,6110.39990234375,6141.64990234375,5972.4501953125,6056.14990234375,6056.14990234375,617300,-1.0,Monday
2013-11-18,2013-11-18,6111.0498046875,6212.39990234375,5972.7998046875,5995.4501953125,5995.4501953125,753300,-1.0,Tuesday
2013-11-25,2013-11-25,6035.9501953125,6182.5,6030.2998046875,6176.10009765625,6176.10009765625,788800,1.0,Wednesday
2013-12-02,2013-12-02,6171.14990234375,6300.5498046875,6149.89990234375,6259.89990234375,6259.89990234375,833600,1.0,Wednesday
2013-12-09,2013-12-09,6415.0,6415.25,6161.39990234375,6168.39990234375,6168.39990234375,907100,-1.0,Monday
2013-12-16,2013-12-16,6168.35009765625,6284.5,6129.9501953125,6274.25,6274.25,1153000,1.0,Wednesday
2013-12-23,2013-12-23,6267.2001953125,6324.89990234375,6259.4501953125,6313.7998046875,6313.7998046875,518000,1.0,Thursday
2013-12-30,2013-12-30,6336.39990234375,6358.2998046875,6171.25,6211.14990234375,6211.14990234375,501800,-1.0,Thursday
2014-01-06,2014-01-06,6220.85009765625,6239.10009765625,6139.60009765625,6171.4501953125,6171.4501953125,713800,-1.0,Friday
2014-01-13,2014-01-13,6189.5498046875,6346.5,6189.5498046875,6261.64990234375,6261.64990234375,712200,1.0,Monday
2014-01-20,2014-01-20,6261.75,6355.60009765625,6243.35009765625,6266.75,6266.75,681700,1.0,Monday
2014-01-27,2014-01-27,6186.2998046875,6188.5498046875,6027.25,6089.5,6089.5,876000,-1.0,Monday
2014-02-03,2014-02-03,6058.7998046875,6079.9501953125,5933.2998046875,6063.2001953125,6063.2001953125,852200,1.0,Tuesday
2014-02-10,2014-02-10,6072.7998046875,6106.60009765625,5984.60009765625,6048.35009765625,6048.35009765625,716000,-1.0,Wednesday
2014-02-17,2014-02-17,6071.2998046875,6160.35009765625,6066.7998046875,6155.4501953125,6155.4501953125,466500,1.0,Tuesday
2014-02-24,2014-02-24,6140.9501953125,6282.7001953125,6130.7998046875,6276.9501953125,6276.9501953125,653500,1.0,Monday
2014-03-03,2014-03-03,6264.35009765625,6537.7998046875,6212.25,6526.64990234375,6526.64990234375,937300,1.0,Monday
2014-03-10,2014-03-10,6491.7001953125,6562.85009765625,6432.7001953125,6504.2001953125,6504.2001953125,1001300,1.0,Friday
2014-03-17,2014-03-17,6532.4501953125,6574.9501953125,6473.25,6493.2001953125,6493.2001953125,683700,-1.0,Tuesday
2014-03-24,2014-03-24,6510.5,6702.60009765625,6510.5,6695.89990234375,6695.89990234375,1010300,1.0,Monday
2014-03-31,2014-03-31,6723.14990234375,6776.75,6662.39990234375,6694.35009765625,6694.35009765625,924300,-1.0,Thursday
2014-04-07,2014-04-07,6694.25,6819.0498046875,6650.39990234375,6776.2998046875,6776.2998046875,635500,1.0,Monday
2014-04-14,2014-04-14,6792.7001953125,6813.39990234375,6665.14990234375,6779.39990234375,6779.39990234375,374500,-1.0,Tuesday
2014-04-21,2014-04-21,6789.25,6869.85009765625,6772.85009765625,6782.75,6782.75,563800,-1.0,Friday
2014-04-28,2014-04-28,6778.5498046875,6786.25,6656.7998046875,6694.7998046875,6694.7998046875,509100,-1.0,Monday
2014-05-05,2014-05-05,6681.64990234375,6871.35009765625,6638.5498046875,6858.7998046875,6858.7998046875,575400,1.0,Thursday
2014-05-12,2014-05-12,6863.39990234375,7563.5,6862.89990234375,7203.0,7203.0,1147100,1.0,Monday
2014-05-19,2014-05-19,7276.85009765625,7381.0,7193.5498046875,7367.10009765625,7367.10009765625,1275100,1.0,Monday
2014-05-26,2014-05-26,7428.75,7504.0,7118.4501953125,7229.9501953125,7229.9501953125,1170700,-1.0,Monday
2014-06-02,2014-06-02,7264.0498046875,7592.7001953125,7239.5,7583.39990234375,7583.39990234375,1108300,1.0,Monday
2014-06-09,2014-06-09,7621.64990234375,7700.0498046875,7525.35009765625,7542.10009765625,7542.10009765625,929500,-1.0,Wednesday
2014-06-16,2014-06-16,7534.7998046875,7663.0,7487.5498046875,7511.4501953125,7511.4501953125,751500,-1.0,Wednesday
2014-06-23,2014-06-23,7514.0,7593.35009765625,7441.60009765625,7508.7998046875,7508.7998046875,677800,-1.0,Tuesday
2014-06-30,2014-06-30,7534.0498046875,7758.0,7531.60009765625,7751.60009765625,7751.60009765625,674900,1.0,Monday
2014-07-07,2014-07-07,7780.39990234375,7808.85009765625,7447.2001953125,7459.60009765625,7459.60009765625,968800,-1.0,Tuesday
2014-07-14,2014-07-14,7469.0,7685.0,7422.14990234375,7663.89990234375,7663.89990234375,701500,1.0,Monday
2014-07-21,2014-07-21,7701.64990234375,7840.9501953125,7674.0,7790.4501953125,7790.4501953125,619100,1.0,Monday
2014-07-28,2014-07-28,7792.89990234375,7799.89990234375,7593.89990234375,7602.60009765625,7602.60009765625,684600,-1.0,Monday
2014-08-04,2014-08-04,7639.5498046875,7752.4501953125,7540.10009765625,7568.5498046875,7568.5498046875,616800,-1.0,Tuesday
2014-08-11,2014-08-11,7619.85009765625,7796.7001953125,7598.60009765625,7791.7001953125,7791.7001953125,509000,1.0,Monday
2014-08-18,2014-08-18,7785.25,7929.0498046875,7779.2001953125,7913.2001953125,7913.2001953125,603900,1.0,Monday
2014-08-25,2014-08-25,7931.75,7968.25,7862.4501953125,7954.35009765625,7954.35009765625,571000,1.0,Tuesday
2014-09-01,2014-09-01,7990.35009765625,8141.89990234375,7984.0,8086.85009765625,8086.85009765625,692200,1.0,Monday
2014-09-08,2014-09-08,8132.9501953125,8180.2001953125,8057.2998046875,8105.5,8105.5,566700,-1.0,Monday
2014-09-15,2014-09-15,8070.35009765625,8160.89990234375,7925.14990234375,8121.4501953125,8121.4501953125,626400,1.0,Tuesday
2014-09-22,2014-09-22,8084.4501953125,8159.89990234375,7841.7998046875,7968.85009765625,7968.85009765625,808200,-1.0,Monday
2014-09-29,2014-09-29,7978.4501953125,8030.89990234375,7923.85009765625,7945.5498046875,7945.5498046875,351400,-1.0,Tuesday
2014-10-06,2014-10-06,7897.39990234375,7972.35009765625,7815.75,7859.9501953125,7859.9501953125,550800,-1.0,Thursday
2014-10-13,2014-10-13,7831.0,7928.0,7723.85009765625,7779.7001953125,7779.7001953125,735400,-1.0,Tuesday
2014-10-20,2014-10-20,7896.9501953125,8031.75,7856.9501953125,8014.5498046875,8014.5498046875,510300,1.0,Monday
2014-10-27,2014-10-27,8064.35009765625,8330.75,7985.64990234375,8322.2001953125,8322.2001953125,787100,1.0,Monday
2014-11-03,2014-11-03,8348.150390625,8365.5498046875,8290.25,8337.0,8337.0,456100,-1.0,Wednesday
2014-11-10,2014-11-10,8337.7998046875,8415.0498046875,8304.4501953125,8389.900390625,8389.900390625,652100,1.0,Monday
2014-11-17,2014-11-17,8378.400390625,8489.7998046875,8349.099609375,8477.349609375,8477.349609375,633800,1.0,Monday
2014-11-24,2014-11-24,8490.9501953125,8617.0,8429.4501953125,8588.25,8588.25,956000,1.0,Tuesday
2014-12-01,2014-12-01,8605.099609375,8626.9501953125,8504.650390625,8538.2998046875,8538.2998046875,729400,-1.0,Thursday
2014-12-08,2014-12-08,8538.650390625,8546.349609375,8216.2998046875,8224.099609375,8224.099609375,718800,-1.0,Monday
2014-12-15,2014-12-15,8160.75,8263.4501953125,7961.35009765625,8225.2001953125,8225.2001953125,887500,1.0,Wednesday
2014-12-22,2014-12-22,8255.0,8364.75,8147.9501953125,8200.7001953125,8200.7001953125,568800,-1.0,Tuesday
2014-12-29,2014-12-29,8214.7001953125,8410.599609375,8214.7001953125,8395.4501953125,8395.4501953125,346200,1.0,Monday
2015-01-05,2015-01-05,8407.9501953125,8445.599609375,8065.4501953125,8284.5,8284.5,746900,-1.0,Monday
2015-01-12,2015-01-12,8291.349609375,8530.75,8236.650390625,8513.7998046875,8513.7998046875,787000,1.0,Wednesday
2015-01-19,2015-01-19,8550.0498046875,8866.400390625,8531.5,8835.599609375,8835.599609375,836700,1.0,Monday
2015-01-26,2015-01-26,8871.349609375,8996.599609375,8775.099609375,8808.900390625,8808.900390625,900700,-1.0,Friday
2015-02-02,2015-02-02,8802.5,8840.7998046875,8645.5498046875,8661.0498046875,8661.0498046875,959000,-1.0,Monday
2015-02-09,2015-02-09,8584.400390625,8822.099609375,8470.5,8805.5,8805.5,885300,1.0,Tuesday
2015-02-16,2015-02-16,8831.400390625,8913.4501953125,8793.400390625,8833.599609375,8833.599609375,694900,1.0,Monday
2015-02-23,2015-02-23,8856.849609375,8869.0,8669.4501953125,8844.599609375,8844.599609375,891600,-1.0,Monday
2015-03-02,2015-03-02,8953.849609375,9119.2001953125,8849.349609375,8937.75,8937.75,804400,-1.0,Wednesday
2015-03-09,2015-03-09,8891.150390625,8891.2998046875,8631.75,8647.75,8647.75,845200,-1.0,Monday
2015-03-16,2015-03-16,8656.75,8788.2001953125,8553.0,8570.900390625,8570.900390625,834800,-1.0,Thursday
2015-03-23,2015-03-23,8591.5498046875,8627.75,8269.150390625,8341.400390625,8341.400390625,941500,-1.0,Tuesday
2015-03-30,2015-03-30,8390.9501953125,8603.400390625,8380.75,8586.25,8586.25,427400,1.0,Monday
2015-04-06,2015-04-06,8615.7998046875,8787.400390625,8573.75,8780.349609375,8780.349609375,735500,1.0,Monday
2015-04-13,2015-04-13,8801.75,8841.650390625,8596.7001953125,8606.0,8606.0,414900,-1.0,Monday
2015-04-20,2015-04-20,8618.7998046875,8619.9501953125,8273.349609375,8305.25,8305.25,1058100,-1.0,Monday
2015-04-27,2015-04-27,8330.5498046875,8334.4501953125,8144.75,8181.5,8181.5,774200,-1.0,Monday
2015-05-04,2015-05-04,8230.0498046875,8355.650390625,7997.14990234375,8191.5,8191.5,841500,-1.0,Tuesday
2015-05-11,2015-05-11,8243.2001953125,8332.75,8089.7998046875,8262.349609375,8262.349609375,799800,1.0,Wednesday
2015-05-18,2015-05-18,8284.9501953125,8489.5498046875,8271.9501953125,8458.9501953125,8458.9501953125,743700,1.0,Monday
2015-05-25,2015-05-25,8438.150390625,8443.900390625,8270.150390625,8433.650390625,8433.650390625,999800,-1.0,Friday
2015-06-01,2015-06-01,8417.25,8467.150390625,8056.75,8114.7001953125,8114.7001953125,757200,-1.0,Monday
2015-06-08,2015-06-08,8124.35009765625,8163.0498046875,7940.2998046875,7982.89990234375,7982.89990234375,711500,-1.0,Thursday
2015-06-15,2015-06-15,7986.60009765625,8250.7998046875,7944.85009765625,8224.9501953125,8224.9501953125,701400,1.0,Monday
2015-06-22,2015-06-22,8259.2998046875,8423.150390625,8257.400390625,8381.099609375,8381.099609375,696300,1.0,Monday
2015-06-29,2015-06-29,8247.0498046875,8497.75,8195.650390625,8484.900390625,8484.900390625,622700,1.0,Monday
2015-07-06,2015-07-06,8386.150390625,8561.349609375,8315.400390625,8360.5498046875,8360.5498046875,697200,-1.0,Tuesday
2015-07-13,2015-07-13,8397.25,8642.9501953125,8355.400390625,8609.849609375,8609.849609375,546000,1.0,Monday
2015-07-20,2015-07-20,8623.900390625,8654.75,8498.650390625,8521.5498046875,8521.5498046875,651800,-1.0,Thursday
2015-07-27,2015-07-27,8492.099609375,8548.9501953125,8321.75,8532.849609375,8532.849609375,870700,1.0,Tuesday
2015-08-03,2015-08-03,8510.650390625,8606.2998046875,8448.25,8564.599609375,8564.599609375,755500,1.0,Tuesday
2015-08-10,2015-08-10,8577.0,8621.5498046875,8337.9501953125,8518.5498046875,8518.5498046875,812900,-1.0,Monday
2015-08-17,2015-08-17,8530.5,8530.599609375,8225.0498046875,8299.9501953125,8299.9501953125,843900,-1.0,Monday
2015-08-24,2015-08-24,8055.9501953125,8091.7998046875,7667.25,8001.9501953125,8001.9501953125,1328700,-1.0,Friday
2015-08-31,2015-08-31,8009.25,8043.60009765625,7626.85009765625,7655.0498046875,7655.0498046875,947800,-1.0,Monday
2015-09-07,2015-09-07,7685.85009765625,7864.85009765625,7539.5,7789.2998046875,7789.2998046875,818700,1.0,Tuesday
2015-09-14,2015-09-14,7811.10009765625,8055.0,7761.85009765625,7981.89990234375,7981.89990234375,641100,1.0,Monday
2015-09-21,2015-09-21,7911.5,8021.60009765625,7723.25,7868.5,7868.5,639400,-1.0,Tuesday
2015-09-28,2015-09-28,7892.7998046875,8008.25,7691.2001953125,7950.89990234375,7950.89990234375,744600,1.0,Tuesday
2015-10-05,2015-10-05,8005.10009765625,8232.2001953125,8005.10009765625,8189.7001953125,8189.7001953125,926900,1.0,Monday
2015-10-12,2015-10-12,8231.5,8246.400390625,8088.60009765625,8238.150390625,8238.150390625,807500,1.0,Tuesday
2015-10-19,2015-10-19,8262.5498046875,8328.099609375,8217.150390625,8295.4501953125,8295.4501953125,576400,1.0,Wednesday
2015-10-26,2015-10-26,8333.650390625,8336.2998046875,8044.39990234375,8065.7998046875,8065.7998046875,896500,-1.0,Monday
2015-11-02,2015-11-02,8054.5498046875,8116.10009765625,7926.14990234375,7954.2998046875,7954.2998046875,742300,-1.0,Wednesday
2015-11-09,2015-11-09,7788.25,7937.75,7730.89990234375,7762.25,7762.25,559600,-1.0,Monday
2015-11-16,2015-11-16,7732.9501953125,7906.9501953125,7714.14990234375,7856.5498046875,7856.5498046875,722600,1.0,Monday
2015-11-23,2015-11-23,7869.5,7959.2998046875,7812.64990234375,7942.7001953125,7942.7001953125,627700,1.0,Tuesday
2015-11-30,2015-11-30,7936.25,7979.2998046875,7775.7001953125,7781.89990234375,7781.89990234375,759400,-1.0,Wednesday
2015-12-07,2015-12-07,7816.5498046875,7825.39990234375,7575.2998046875,7610.4501953125,7610.4501953125,721300,-1.0,Monday
2015-12-14,2015-12-14,7558.2001953125,7852.89990234375,7551.0498046875,7761.9501953125,7761.9501953125,804800,1.0,Monday
2015-12-21,2015-12-21,7745.64990234375,7888.75,7733.4501953125,7861.0498046875,7861.0498046875,463400,1.0,Monday
2015-12-28,2015-12-28,7863.2001953125,7955.5498046875,7863.0,7946.35009765625,7946.35009765625,493600,1.0,Monday
2016-01-04,2016-01-04,7924.5498046875,7937.5498046875,7556.60009765625,7601.35009765625,7601.35009765625,773300,-1.0,Monday
2016-01-11,2016-01-11,7527.4501953125,7605.10009765625,7425.7998046875,7437.7998046875,7437.7998046875,966400,-1.0,Monday
2016-01-18,2016-01-18,7420.35009765625,7470.89990234375,7241.5,7422.4501953125,7422.4501953125,1117400,1.0,Wednesday
2016-01-25,2016-01-25,7468.75,7575.64990234375,7402.7998046875,7563.5498046875,7563.5498046875,924000,1.0,Friday
2016-02-01,2016-02-01,7589.5,7600.4501953125,7350.2998046875,7489.10009765625,7489.10009765625,1095100,-1.0,Monday
2016-02-08,2016-02-08,7489.7001953125,7512.5498046875,6869.0,6980.9501953125,6980.9501953125,1256700,-1.0,Monday
2016-02-15,2016-02-15,7057.35009765625,7226.85009765625,6960.64990234375,7210.75,7210.75,1307000,1.0,Wednesday
2016-02-22,2016-02-22,7208.85009765625,7252.39990234375,6961.39990234375,7029.75,7029.75,1038300,-1.0,Monday
2016-02-29,2016-02-29,7050.4501953125,7505.89990234375,6825.7998046875,7485.35009765625,7485.35009765625,1647300,1.0,Monday
2016-03-07,2016-03-07,7486.39990234375,7547.10009765625,7424.2998046875,7510.2001953125,7510.2001953125,925500,1.0,Wednesday
2016-03-14,2016-03-14,7542.60009765625,7613.60009765625,7405.14990234375,7604.35009765625,7604.35009765625,1033000,1.0,Wednesday
2016-03-21,2016-03-21,7619.2001953125,7728.2001953125,7617.7001953125,7716.5,7716.5,605300,1.0,Monday
2016-03-28,2016-03-28,7741.0,7777.60009765625,7582.25,7713.0498046875,7713.0498046875,1255800,-1.0,Thursday
2016-04-04,2016-04-04,7733.14990234375,7764.4501953125,7526.7001953125,7555.2001953125,7555.2001953125,902700,-1.0,Monday
2016-04-11,2016-04-11,7577.7998046875,7864.7998046875,7516.85009765625,7850.4501953125,7850.4501953125,563600,1.0,Monday
2016-04-18,2016-04-18,7908.14990234375,7978.4501953125,7842.75,7899.2998046875,7899.2998046875,796900,-1.0,Thursday
2016-04-25,2016-04-25,7894.7998046875,7992.0,7788.7001953125,7849.7998046875,7849.7998046875,1091700,-1.0,Thursday
2016-05-02,2016-05-02,7822.7001953125,7890.25,7678.35009765625,7733.4501953125,7733.4501953125,881200,-1.0,Tuesday
2016-05-09,2016-05-09,7755.25,7916.0498046875,7753.5498046875,7814.89990234375,7814.89990234375,868900,1.0,Monday
2016-05-16,2016-05-16,7831.2001953125,7940.10009765625,7735.75,7749.7001953125,7749.7001953125,872400,-1.0,Tuesday
2016-05-23,2016-05-23,7813.9501953125,8164.2001953125,7715.7998046875,8156.64990234375,8156.64990234375,1020400,1.0,Tuesday
2016-05-30,2016-05-30,8166.5,8262.0,8134.2998046875,8220.7998046875,8220.7998046875,1473500,1.0,Tuesday
2016-06-06,2016-06-06,8228.75,8294.9501953125,8162.85009765625,8170.0498046875,8170.0498046875,944900,-1.0,Tuesday
2016-06-13,2016-06-13,8102.25,8213.2001953125,8063.89990234375,8170.2001953125,8170.2001953125,840800,1.0,Monday
2016-06-20,2016-06-20,8115.75,8285.599609375,7927.0498046875,8088.60009765625,8088.60009765625,893400,-1.0,Thursday
2016-06-27,2016-06-27,8039.35009765625,8356.75,8039.35009765625,8328.349609375,8328.349609375,924800,1.0,Monday
2016-07-04,2016-07-04,8376.75,8398.4501953125,8287.5498046875,8323.2001953125,8323.2001953125,586600,-1.0,Monday
2016-07-11,2016-07-11,8413.349609375,8594.7998046875,8407.0498046875,8541.400390625,8541.400390625,904500,1.0,Monday
2016-07-18,2016-07-18,8564.0498046875,8587.099609375,8476.7001953125,8541.2001953125,8541.2001953125,785700,-1.0,Monday
2016-07-25,2016-07-25,8519.9501953125,8674.7001953125,8517.2001953125,8638.5,8638.5,879400,1.0,Monday
2016-08-01,2016-08-01,8654.2998046875,8711.2998046875,8518.150390625,8683.150390625,8683.150390625,843400,1.0,Thursday
2016-08-08,2016-08-08,8712.849609375,8728.349609375,8540.0498046875,8592.150390625,8592.150390625,735500,-1.0,Tuesday
2016-08-15,2016-08-15,8670.25,8696.599609375,8600.4501953125,8666.900390625,8666.900390625,755100,-1.0,Friday
2016-08-22,2016-08-22,8667.0,8684.849609375,8547.5498046875,8572.5498046875,8572.5498046875,850000,-1.0,Monday
2016-08-29,2016-08-29,8583.75,8824.099609375,8543.75,8809.650390625,8809.650390625,1072500,1.0,Monday
2016-09-05,2016-09-05,8852.7001953125,8968.7001953125,8848.4501953125,8866.7001953125,8866.7001953125,878800,1.0,Tuesday
2016-09-12,2016-09-12,8732.9501953125,8847.650390625,8688.900390625,8779.849609375,8779.849609375,780000,1.0,Wednesday
2016-09-19,2016-09-19,8788.4501953125,8893.349609375,8757.2998046875,8831.5498046875,8831.5498046875,775700,1.0,Wednesday
2016-09-26,2016-09-26,8807.900390625,8809.5498046875,8555.2001953125,8611.150390625,8611.150390625,1035500,-1.0,Monday
2016-10-03,2016-10-03,8666.150390625,8806.9501953125,8635.0,8697.599609375,8697.599609375,792800,1.0,Monday
2016-10-10,2016-10-10,8735.349609375,8745.7998046875,8541.349609375,8583.400390625,8583.400390625,483500,-1.0,Monday
2016-10-17,2016-10-17,8612.9501953125,8727.0,8506.150390625,8693.0498046875,8693.0498046875,904400,1.0,Monday
2016-10-24,2016-10-24,8709.849609375,8736.9501953125,8550.25,8638.0,8638.0,984500,-1.0,Monday
2016-10-31,2016-10-31,8653.150390625,8669.599609375,8400.25,8433.75,8433.75,715600,-1.0,Tuesday
2016-11-07,2016-11-07,8535.75,8598.4501953125,8002.25,8296.2998046875,8296.2998046875,1212800,-1.0,Thursday
2016-11-14,2016-11-14,8284.849609375,8288.5498046875,8048.2998046875,8074.10009765625,8074.10009765625,981200,-1.0,Tuesday
2016-11-21,2016-11-21,8102.10009765625,8122.25,7916.39990234375,8114.2998046875,8114.2998046875,1048400,1.0,Monday
2016-11-28,2016-11-28,8080.64990234375,8250.7998046875,8066.5,8086.7998046875,8086.7998046875,956600,1.0,Monday
2016-12-05,2016-12-05,8088.75,8274.9501953125,8056.85009765625,8261.75,8261.75,703800,1.0,Monday
2016-12-12,2016-12-12,8230.650390625,8230.650390625,8121.9501953125,8139.4501953125,8139.4501953125,821500,-1.0,Monday
2016-12-19,2016-12-19,8126.0,8132.5,7942.0498046875,7985.75,7985.75,605800,-1.0,Monday
2016-12-26,2016-12-26,7965.10009765625,8197.0,7893.7998046875,8185.7998046875,8185.7998046875,658500,1.0,Monday
2017-01-02,2017-01-02,8210.099609375,8306.849609375,8133.7998046875,8243.7998046875,8243.7998046875,676500,1.0,Monday
2017-01-09,2017-01-09,8259.349609375,8461.0498046875,8227.75,8400.349609375,8400.349609375,786400,1.0,Monday
2017-01-16,2017-01-16,8390.9501953125,8460.2998046875,8340.9501953125,8349.349609375,8349.349609375,778400,-1.0,Wednesday
2017-01-23,2017-01-23,8329.599609375,8672.7001953125,8327.2001953125,8641.25,8641.25,942100,1.0,Monday
2017-01-30,2017-01-30,8635.5498046875,8757.599609375,8537.5,8740.9501953125,8740.9501953125,1627900,1.0,Wednesday
2017-02-06,2017-02-06,8785.4501953125,8822.099609375,8715.0,8793.5498046875,8793.5498046875,1052800,1.0,Wednesday
2017-02-13,2017-02-13,8819.7998046875,8896.4501953125,8712.849609375,8821.7001953125,8821.7001953125,1092200,1.0,Wednesday
2017-02-20,2017-02-20,8818.5498046875,8982.150390625,8809.7998046875,8939.5,8939.5,967800,1.0,Monday
2017-02-27,2017-02-27,8943.7001953125,8992.5,8860.099609375,8897.5498046875,8897.5498046875,1110800,-1.0,Thursday
2017-03-06,2017-03-06,8915.099609375,8977.849609375,8891.9501953125,8934.5498046875,8934.5498046875,850200,1.0,Wednesday
2017-03-13,2017-03-13,9091.650390625,9218.400390625,9060.5,9160.0498046875,9160.0498046875,1006200,1.0,Tuesday
2017-03-20,2017-03-20,9166.9501953125,9167.599609375,9019.2998046875,9108.0,9108.0,1207600,-1.0,Monday
2017-03-27,2017-03-27,9093.4501953125,9191.7001953125,9024.650390625,9173.75,9173.75,1143700,1.0,Monday
2017-04-03,2017-04-03,9220.599609375,9273.900390625,9188.099609375,9198.2998046875,9198.2998046875,700000,-1.0,Wednesday
2017-04-10,2017-04-10,9225.599609375,9246.400390625,9144.9501953125,9150.7998046875,9150.7998046875,664200,-1.0,Wednesday
2017-04-17,2017-04-17,9144.75,9217.900390625,9075.150390625,9119.400390625,9119.400390625,673400,-1.0,Tuesday
2017-04-24,2017-04-24,9135.349609375,9367.150390625,9130.5498046875,9304.0498046875,9304.0498046875,893700,1.0,Monday
2017-05-01,2017-05-01,9339.849609375,9377.099609375,9269.900390625,9285.2998046875,9285.2998046875,814700,-1.0,Friday
2017-05-08,2017-05-08,9311.4501953125,9450.650390625,9297.9501953125,9400.900390625,9400.900390625,784700,1.0,Monday
2017-05-15,2017-05-15,9433.5498046875,9532.599609375,9390.75,9427.900390625,9427.900390625,958200,-1.0,Wednesday
2017-05-22,2017-05-22,9480.25,9604.900390625,9341.650390625,9595.099609375,9595.099609375,1141000,1.0,Wednesday
2017-05-29,2017-05-29,9560.0498046875,9673.5,9547.7001953125,9653.5,9653.5,1181500,1.0,Monday
2017-06-05,2017-06-05,9656.2998046875,9709.2998046875,9608.150390625,9668.25,9668.25,748700,1.0,Friday
2017-06-12,2017-06-12,9646.7001953125,9654.150390625,9560.7998046875,9588.0498046875,9588.0498046875,837200,-1.0,Tuesday
2017-06-19,2017-06-19,9626.400390625,9698.849609375,9565.2998046875,9574.9501953125,9574.9501953125,819200,-1.0,Thursday
2017-06-26,2017-06-26,9594.0498046875,9615.400390625,9448.75,9520.900390625,9520.900390625,814600,-1.0,Tuesday
2017-07-03,2017-07-03,9587.9501953125,9700.7001953125,9543.5498046875,9665.7998046875,9665.7998046875,747800,1.0,Monday
2017-07-10,2017-07-10,9719.2998046875,9913.2998046875,9646.4501953125,9886.349609375,9886.349609375,703600,1.0,Monday
2017-07-17,2017-07-17,9908.150390625,9928.2001953125,9792.0498046875,9915.25,9915.25,1006200,1.0,Tuesday
2017-07-24,2017-07-24,9936.7998046875,10114.849609375,9919.599609375,10014.5,10014.5,1037100,1.0,Monday
2017-07-31,2017-07-31,10034.7001953125,10137.849609375,9988.349609375,10066.400390625,10066.400390625,954800,1.0,Friday
2017-08-07,2017-08-07,10074.7998046875,10088.099609375,9685.5498046875,9710.7998046875,9710.7998046875,1031300,-1.0,Monday
2017-08-14,2017-08-14,9755.75,9947.7998046875,9752.099609375,9837.400390625,9837.400390625,859000,1.0,Monday
2017-08-21,2017-08-21,9864.25,9884.349609375,9740.099609375,9857.0498046875,9857.0498046875,742200,-1.0,Monday
2017-08-28,2017-08-28,9907.150390625,9983.4501953125,9783.75,9974.400390625,9974.400390625,976200,1.0,Tuesday
2017-09-04,2017-09-04,9984.150390625,9988.400390625,9861.0,9934.7998046875,9934.7998046875,789600,-1.0,Monday
2017-09-11,2017-09-11,9971.75,10131.9501953125,9968.7998046875,10085.400390625,10085.400390625,1062800,1.0,Monday
2017-09-18,2017-09-18,10133.099609375,10178.9501953125,9952.7998046875,9964.400390625,9964.400390625,961400,-1.0,Tuesday
2017-09-25,2017-09-25,9960.099609375,9960.5,9687.5498046875,9788.599609375,9788.599609375,1193700,-1.0,Monday
2017-10-02,2017-10-02,9893.2998046875,9989.349609375,9831.0498046875,9979.7001953125,9979.7001953125,662600,1.0,Tuesday
2017-10-09,2017-10-09,9988.2001953125,10191.900390625,9955.7998046875,10167.4501953125,10167.4501953125,913200,1.0,Wednesday
2017-10-16,2017-10-16,10207.400390625,10251.849609375,10123.349609375,10146.5498046875,10146.5498046875,683100,-1.0,Tuesday
2017-10-23,2017-10-23,10176.650390625,10366.150390625,10124.5,10323.0498046875,10323.0498046875,1771900,1.0,Monday
2017-10-30,2017-10-30,10353.849609375,10461.7001953125,10323.9501953125,10452.5,10452.5,1131200,1.0,Tuesday
2017-11-06,2017-11-06,10431.75,10490.4501953125,10254.099609375,10321.75,10321.75,1274600,-1.0,Monday
2017-11-13,2017-11-13,10322.0,10343.599609375,10094.0,10283.599609375,10283.599609375,1108600,-1.0,Friday
2017-11-20,2017-11-20,10287.2001953125,10404.5,10261.5,10389.7001953125,10389.7001953125,773100,1.0,Monday
2017-11-27,2017-11-27,10361.0498046875,10409.5498046875,10108.5498046875,10121.7998046875,10121.7998046875,976300,-1.0,Tuesday
2017-12-04,2017-12-04,10175.0498046875,10270.849609375,10033.349609375,10265.650390625,10265.650390625,836400,1.0,Wednesday
2017-12-11,2017-12-11,10310.5,10373.099609375,10141.5498046875,10333.25,10333.25,913500,1.0,Thursday
2017-12-18,2017-12-18,10263.099609375,10501.099609375,10074.7998046875,10493.0,10493.0,865400,1.0,Monday
2017-12-25,2017-12-25,10512.2998046875,10552.400390625,10460.4501953125,10530.7001953125,10530.7001953125,745700,1.0,Thursday
2018-01-01,2018-01-01,10477.5498046875,10566.099609375,10404.650390625,10558.849609375,10558.849609375,676500,1.0,Tuesday
2018-01-08,2018-01-08,10591.7001953125,10690.400390625,10588.5498046875,10681.25,10681.25,879400,1.0,Monday
2018-01-15,2018-01-15,10718.5,10906.849609375,10666.75,10894.7001953125,10894.7001953125,1159200,1.0,Wednesday
2018-01-22,2018-01-22,10883.2001953125,11110.099609375,10881.400390625,11069.650390625,11069.650390625,1129900,1.0,Monday
2018-01-29,2018-01-29,11079.349609375,11171.5498046875,10736.099609375,10760.599609375,10760.599609375,1304500,-1.0,Monday
2018-02-05,2018-02-05,10604.2998046875,10702.75,10276.2998046875,10454.9501953125,10454.9501953125,1180800,-1.0,Monday
2018-02-12,2018-02-12,10518.2001953125,10618.099609375,10434.0498046875,10452.2998046875,10452.2998046875,841500,-1.0,Thursday
2018-02-19,2018-02-19,10488.900390625,10499.099609375,10302.75,10491.0498046875,10491.0498046875,1133300,1.0,Monday
2018-02-26,2018-02-26,10526.5498046875,10631.650390625,10447.150390625,10458.349609375,10458.349609375,821400,-1.0,Tuesday
2018-03-05,2018-03-05,10428.2998046875,10441.349609375,10141.5498046875,10226.849609375,10226.849609375,1079300,-1.0,Tuesday
2018-03-12,2018-03-12,10301.599609375,10478.599609375,10180.25,10195.150390625,10195.150390625,1166900,-1.0,Tuesday
2018-03-19,2018-03-19,10215.349609375,10227.2998046875,9951.900390625,9998.0498046875,9998.0498046875,1134200,-1.0,Wednesday
2018-03-26,2018-03-26,9989.150390625,10207.900390625,9958.5498046875,10113.7001953125,10113.7001953125,832700,1.0,Monday
2018-04-02,2018-04-02,10151.650390625,10350.4501953125,10111.2998046875,10331.599609375,10331.599609375,1098800,1.0,Wednesday
2018-04-09,2018-04-09,10333.7001953125,10519.900390625,10328.5,10480.599609375,10480.599609375,1175400,1.0,Monday
2018-04-16,2018-04-16,10398.2998046875,10594.2001953125,10396.349609375,10564.0498046875,10564.0498046875,1113700,1.0,Monday
2018-04-23,2018-04-23,10592.7998046875,10719.7998046875,10514.9501953125,10692.2998046875,10692.2998046875,937700,1.0,Monday
2018-04-30,2018-04-30,10705.75,10784.650390625,10601.599609375,10618.25,10618.25,775200,-1.0,Wednesday
2018-05-07,2018-05-07,10653.150390625,10812.0498046875,10635.650390625,10806.5,10806.5,1048800,1.0,Monday
2018-05-14,2018-05-14,10815.150390625,10929.2001953125,10589.099609375,10596.400390625,10596.400390625,1093900,-1.0,Tuesday
2018-05-21,2018-05-21,10616.7001953125,10628.0498046875,10417.7998046875,10605.150390625,10605.150390625,1091000,-1.0,Friday
2018-05-28,2018-05-28,10648.349609375,10764.75,10558.4501953125,10696.2001953125,10696.2001953125,1528000,1.0,Wednesday
2018-06-04,2018-06-04,10765.9501953125,10818.0,10550.900390625,10767.650390625,10767.650390625,991700,1.0,Tuesday
2018-06-11,2018-06-11,10781.849609375,10893.25,10755.400390625,10817.7001953125,10817.7001953125,1112800,1.0,Friday
2018-06-18,2018-06-18,10830.2001953125,10837.0,10701.2001953125,10821.849609375,10821.849609375,1068000,-1.0,Friday
2018-06-25,2018-06-25,10822.900390625,10831.0498046875,10557.7001953125,10714.2998046875,10714.2998046875,1290700,-1.0,Monday
2018-07-02,2018-07-02,10732.349609375,10816.349609375,10604.650390625,10772.650390625,10772.650390625,891900,1.0,Monday
2018-07-09,2018-07-09,10838.2998046875,11078.2998046875,10807.150390625,11018.900390625,11018.900390625,851200,1.0,Monday
2018-07-16,2018-07-16,11018.9501953125,11076.2001953125,10925.599609375,11010.2001953125,11010.2001953125,1049300,-1.0,Wednesday
2018-07-23,2018-07-23,11019.849609375,11283.400390625,11010.9501953125,11278.349609375,11278.349609375,1320800,1.0,Monday
2018-07-30,2018-07-30,11296.650390625,11390.5498046875,11234.9501953125,11360.7998046875,11360.7998046875,1233300,1.0,Thursday
2018-08-06,2018-08-06,11401.5,11495.2001953125,11359.7001953125,11429.5,11429.5,942800,1.0,Tuesday
2018-08-13,2018-08-13,11369.599609375,11486.4501953125,11340.2998046875,11470.75,11470.75,1004800,1.0,Monday
2018-08-20,2018-08-20,11502.099609375,11620.7001953125,11499.650390625,11557.099609375,11557.099609375,924100,1.0,Monday
2018-08-27,2018-08-27,11605.849609375,11760.2001953125,11595.599609375,11680.5,11680.5,1353300,1.0,Monday
2018-09-03,2018-09-03,11751.7998046875,11751.7998046875,11393.849609375,11589.099609375,11589.099609375,1279100,-1.0,Monday
2018-09-10,2018-09-10,11570.25,11573.0,11250.2001953125,11515.2001953125,11515.2001953125,831500,-1.0,Monday
2018-09-17,2018-09-17,11464.9501953125,11464.9501953125,10866.4501953125,11143.099609375,11143.099609375,1411900,-1.0,Monday
2018-09-24,2018-09-24,11164.400390625,11170.150390625,10850.2998046875,10930.4501953125,10930.4501953125,1629300,-1.0,Monday
2018-10-01,2018-10-01,10930.900390625,11035.650390625,10261.900390625,10316.4501953125,10316.4501953125,1805300,-1.0,Monday
2018-10-08,2018-10-08,10310.150390625,10492.4501953125,10138.599609375,10472.5,10472.5,1713700,1.0,Thursday
2018-10-15,2018-10-15,10524.2001953125,10710.150390625,10249.599609375,10303.5498046875,10303.5498046875,1167000,-1.0,Wednesday
2018-10-22,2018-10-22,10405.849609375,10408.5498046875,10004.5498046875,10030.0,10030.0,1315600,-1.0,Monday
2018-10-29,2018-10-29,10078.099609375,10606.9501953125,10020.349609375,10553.0,10553.0,1798900,1.0,Monday
2018-11-05,2018-11-05,10558.75,10619.5498046875,10477.0,10585.2001953125,10585.2001953125,629700,1.0,Monday
2018-11-12,2018-11-12,10607.7998046875,10695.150390625,10440.5498046875,10682.2001953125,10682.2001953125,1241600,1.0,Tuesday
2018-11-19,2018-11-19,10731.25,10774.7001953125,10512.0,10526.75,10526.75,1107700,-1.0,Monday
2018-11-26,2018-11-26,10568.2998046875,10922.4501953125,10489.75,10876.75,10876.75,1569700,1.0,Monday
2018-12-03,2018-12-03,10930.7001953125,10941.2001953125,10588.25,10693.7001953125,10693.7001953125,1688400,-1.0,Monday
2018-12-10,2018-12-10,10508.7001953125,10838.599609375,10333.849609375,10805.4501953125,10805.4501953125,1883600,1.0,Tuesday
2018-12-17,2018-12-17,10853.2001953125,10985.150390625,10738.650390625,10754.0,10754.0,1591500,-1.0,Wednesday
2018-12-24,2018-12-24,10780.900390625,10893.599609375,10534.5498046875,10859.900390625,10859.900390625,1188700,1.0,Wednesday
2018-12-31,2018-12-31,10913.2001953125,10923.5498046875,10628.650390625,10727.349609375,10727.349609375,1073400,-1.0,Monday
2019-01-07,2019-01-07,10804.849609375,10870.400390625,10733.25,10794.9501953125,10794.9501953125,1395300,-1.0,Wednesday
2019-01-14,2019-01-14,10807.0,10930.650390625,10692.349609375,10906.9501953125,10906.9501953125,1481500,1.0,Monday
2019-01-21,2019-01-21,10919.349609375,10987.4501953125,10756.4501953125,10780.5498046875,10780.5498046875,1713000,-1.0,Monday
2019-01-28,2019-01-28,10792.4501953125,10983.4501953125,10583.650390625,10893.650390625,10893.650390625,2273800,1.0,Tuesday
2019-02-04,2019-02-04,10876.75,11118.099609375,10814.150390625,10943.599609375,10943.599609375,1501200,1.0,Monday
2019-02-11,2019-02-11,10930.900390625,10930.900390625,10620.400390625,10724.400390625,10724.400390625,2049200,-1.0,Monday
2019-02-18,2019-02-18,10738.650390625,10808.849609375,10585.650390625,10791.650390625,10791.650390625,1602500,1.0,Tuesday
2019-02-25,2019-02-25,10813.25,10939.7001953125,10729.2998046875,10863.5,10863.5,2134700,1.0,Tuesday
2019-03-04,2019-03-04,10864.849609375,11089.0498046875,10817.0,11035.400390625,11035.400390625,1393600,1.0,Tuesday
2019-03-11,2019-03-11,11068.75,11487.0,11059.849609375,11426.849609375,11426.849609375,1884700,1.0,Monday
2019-03-18,2019-03-18,11473.849609375,11572.7998046875,11412.5,11456.900390625,11456.900390625,1398900,-1.0,Friday
2019-03-25,2019-03-25,11395.650390625,11630.349609375,11311.599609375,11623.900390625,11623.900390625,1871500,1.0,Monday
2019-04-01,2019-04-01,11665.2001953125,11761.0,11559.2001953125,11665.9501953125,11665.9501953125,1747200,1.0,Thursday
2019-04-08,2019-04-08,11704.349609375,11710.2998046875,11549.099609375,11643.4501953125,11643.4501953125,1447100,-1.0,Monday
2019-04-15,2019-04-15,11667.0,11856.150390625,11648.25,11752.7998046875,11752.7998046875,984000,1.0,Monday
2019-04-22,2019-04-22,11727.0498046875,11796.75,11564.7998046875,11754.650390625,11754.650390625,1806000,1.0,Tuesday
2019-04-29,2019-04-29,11748.75,11789.2998046875,11655.900390625,11712.25,11712.25,1218400,-1.0,Thursday
2019-05-06,2019-05-06,11605.7998046875,11657.0498046875,11251.0498046875,11278.900390625,11278.900390625,1769600,-1.0,Tuesday
2019-05-13,2019-05-13,11258.7001953125,11426.150390625,11108.2998046875,11407.150390625,11407.150390625,1932700,1.0,Tuesday
2019-05-20,2019-05-20,11651.900390625,12041.150390625,11591.7001953125,11844.099609375,11844.099609375,2132600,1.0,Monday
2019-05-27,2019-05-27,11855.5,12039.25,11812.400390625,11922.7998046875,11922.7998046875,2124900,1.0,Monday
2019-06-03,2019-06-03,11953.75,12103.0498046875,11769.5,11870.650390625,11870.650390625,1322200,-1.0,Monday
2019-06-10,2019-06-10,11934.900390625,12000.349609375,11797.7001953125,11823.2998046875,11823.2998046875,1757400,-1.0,Tuesday
2019-06-17,2019-06-17,11844.0,11844.0498046875,11625.099609375,11724.099609375,11724.099609375,2018300,-1.0,Monday
2019-06-24,2019-06-24,11725.7998046875,11911.150390625,11651.0,11788.849609375,11788.849609375,1690100,1.0,Tuesday
2019-07-01,2019-07-01,11839.900390625,11981.75,11797.900390625,11811.150390625,11811.150390625,1846400,-1.0,Friday
2019-07-08,2019-07-08,11770.400390625,11771.900390625,11461.0,11552.5,11552.5,1920800,-1.0,Monday
2019-07-15,2019-07-15,11614.75,11706.650390625,11399.2998046875,11419.25,11419.25,2258100,-1.0,Wednesday
2019-07-22,2019-07-22,11392.849609375,11398.150390625,11210.0498046875,11284.2998046875,11284.2998046875,2464500,-1.0,Monday
2019-07-29,2019-07-29,11307.5,11310.9501953125,10848.9501953125,10997.349609375,10997.349609375,2546000,-1.0,Monday
2019-08-05,2019-08-05,10895.7998046875,11181.4501953125,10782.599609375,11109.650390625,11109.650390625,2593600,1.0,Monday
2019-08-12,2019-08-12,11139.400390625,11145.900390625,10901.599609375,11047.7998046875,11047.7998046875,1607000,-1.0,Tuesday
2019-08-19,2019-08-19,11094.7998046875,11146.900390625,10637.150390625,10829.349609375,10829.349609375,2707400,-1.0,Monday
2019-08-26,2019-08-26,11000.2998046875,11141.75,10756.5498046875,11023.25,11023.25,3197800,1.0,Monday
2019-09-02,2019-09-02,10960.9501953125,10967.5,10746.349609375,10946.2001953125,10946.2001953125,2084700,-1.0,Tuesday
2019-09-09,2019-09-09,10936.7001953125,11084.4501953125,10889.7998046875,11075.900390625,11075.900390625,2275300,1.0,Monday
2019-09-16,2019-09-16,10994.849609375,11381.900390625,10670.25,11274.2001953125,11274.2001953125,3435100,1.0,Thursday
2019-09-23,2019-09-23,11542.7001953125,11694.849609375,11416.099609375,11512.400390625,11512.400390625,3658100,-1.0,Monday
2019-09-30,2019-09-30,11491.150390625,11554.2001953125,11158.349609375,11174.75,11174.75,4008200,-1.0,Tuesday
2019-10-07,2019-10-07,11196.2001953125,11362.900390625,11090.150390625,11305.0498046875,11305.0498046875,2774100,1.0,Wednesday
2019-10-14,2019-10-14,11335.900390625,11684.7001953125,11290.0498046875,11661.849609375,11661.849609375,3299500,1.0,Monday
2019-10-21,2019-10-21,11657.150390625,11714.349609375,11490.75,11583.900390625,11583.900390625,3044300,-1.0,Tuesday
2019-10-28,2019-10-28,11643.9501953125,11945.0,11627.349609375,11890.599609375,11890.599609375,3947000,1.0,Tuesday
2019-11-04,2019-11-04,11928.900390625,12034.150390625,11850.25,11908.150390625,11908.150390625,3410800,-1.0,Friday
2019-11-11,2019-11-11,11879.2001953125,11973.650390625,11802.650390625,11895.4501953125,11895.4501953125,2347700,1.0,Thursday
2019-11-18,2019-11-18,11915.150390625,12038.599609375,11867.599609375,11914.400390625,11914.400390625,2819500,-1.0,Wednesday
2019-11-25,2019-11-25,11922.4501953125,12158.7998046875,11919.75,12056.0498046875,12056.0498046875,3744700,1.0,Monday
2019-12-02,2019-12-02,12137.0498046875,12137.150390625,11888.849609375,11921.5,11921.5,3245300,-1.0,Monday
2019-12-09,2019-12-09,11939.099609375,12098.849609375,11832.2998046875,12086.7001953125,12086.7001953125,3597300,1.0,Wednesday
2019-12-16,2019-12-16,12131.349609375,12293.900390625,12046.2998046875,12271.7998046875,12271.7998046875,2890000,1.0,Monday
2019-12-23,2019-12-23,12235.4501953125,12287.150390625,12118.849609375,12245.7998046875,12245.7998046875,1979200,1.0,Thursday
2019-12-30,2019-12-30,12274.900390625,12289.900390625,12151.7998046875,12226.650390625,12226.650390625,1978600,-1.0,Thursday
2020-01-06,2020-01-06,12170.599609375,12311.2001953125,11929.599609375,12256.7998046875,12256.7998046875,2428400,1.0,Wednesday
2020-01-13,2020-01-13,12296.7001953125,12389.0498046875,12278.75,12352.349609375,12352.349609375,2699500,1.0,Wednesday
2020-01-20,2020-01-20,12430.5,12430.5,12087.900390625,12248.25,12248.25,1953400,-1.0,Monday
2020-01-27,2020-01-27,12197.099609375,12216.599609375,11945.849609375,11962.099609375,11962.099609375,2743500,-1.0,Monday
2020-02-03,2020-02-03,11627.4501953125,12160.599609375,11614.5,12098.349609375,12098.349609375,3026800,1.0,Monday
2020-02-10,2020-02-10,12102.349609375,12246.7001953125,11990.75,12113.4501953125,12113.4501953125,2540400,1.0,Monday
2020-02-17,2020-02-17,12131.7998046875,12159.599609375,11908.0498046875,12080.849609375,12080.849609375,1693100,-1.0,Monday
2020-02-24,2020-02-24,12012.5498046875,12012.5498046875,11175.0498046875,11201.75,11201.75,2937900,-1.0,Monday
2020-03-02,2020-03-02,11387.349609375,11433.0,10827.400390625,10989.4501953125,10989.4501953125,5338500,-1.0,Monday
2020-03-09,2020-03-09,10742.0498046875,10751.5498046875,8555.150390625,9955.2001953125,9955.2001953125,5515500,-1.0,Monday
2020-03-16,2020-03-16,9587.7998046875,9602.2001953125,7832.5498046875,8745.4501953125,8745.4501953125,5347100,-1.0,Monday
2020-03-23,2020-03-23,7945.7001953125,9038.900390625,7511.10009765625,8660.25,8660.25,3795900,1.0,Tuesday
2020-03-30,2020-03-30,8385.9501953125,8678.2998046875,8055.7998046875,8083.7998046875,8083.7998046875,2509300,-1.0,Tuesday
2020-04-06,2020-04-06,8446.2998046875,9131.7001953125,8360.9501953125,9111.900390625,9111.900390625,2452800,1.0,Tuesday
2020-04-13,2020-04-13,9103.9501953125,9324.0,8821.900390625,9266.75,9266.75,2926700,1.0,Thursday
2020-04-20,2020-04-20,9390.2001953125,9390.849609375,8909.400390625,9154.400390625,9154.400390625,3442000,-1.0,Monday
2020-04-27,2020-04-27,9259.7001953125,9889.0498046875,9250.349609375,9859.900390625,9859.900390625,2711500,1.0,Monday
2020-05-04,2020-05-04,9533.5,9533.5,9116.5,9251.5,9251.5,3452700,-1.0,Monday
2020-05-11,2020-05-11,9348.150390625,9584.5,9043.9501953125,9136.849609375,9136.849609375,3535000,-1.0,Wednesday
2020-05-18,2020-05-18,9158.2998046875,9178.5498046875,8806.75,9039.25,9039.25,3464800,-1.0,Thursday
2020-05-25,2020-05-25,9099.75,9598.849609375,8996.650390625,9580.2998046875,9580.2998046875,3223400,1.0,Tuesday
2020-06-01,2020-06-01,9726.849609375,10177.7998046875,9706.9501953125,10142.150390625,10142.150390625,4121300,1.0,Monday
2020-06-08,2020-06-08,10326.75,10328.5,9544.349609375,9972.900390625,9972.900390625,3834900,-1.0,Monday
2020-06-15,2020-06-15,9919.349609375,10272.400390625,9726.349609375,10244.400390625,10244.400390625,3816400,1.0,Monday
2020-06-22,2020-06-22,10318.75,10553.150390625,10194.5,10383.0,10383.0,3875500,1.0,Thursday
2020-06-29,2020-06-29,10311.9501953125,10631.2998046875,10223.599609375,10607.349609375,10607.349609375,2826900,1.0,Monday
2020-07-06,2020-07-06,10723.849609375,10847.849609375,10676.5498046875,10768.0498046875,10768.0498046875,3185300,1.0,Wednesday
2020-07-13,2020-07-13,10851.849609375,10933.4501953125,10562.900390625,10901.7001953125,10901.7001953125,3173700,1.0,Tuesday
2020-07-20,2020-07-20,10999.4501953125,11239.7998046875,10953.0,11194.150390625,11194.150390625,3391900,1.0,Monday
2020-07-27,2020-07-27,11225.0,11341.400390625,11026.650390625,11073.4501953125,11073.4501953125,3193100,-1.0,Wednesday
2020-08-03,2020-08-03,11057.5498046875,11256.7998046875,10882.25,11214.0498046875,11214.0498046875,3027200,1.0,Monday
2020-08-10,2020-08-10,11270.25,11373.599609375,11111.4501953125,11178.400390625,11178.400390625,2895500,-1.0,Tuesday
2020-08-17,2020-08-17,11248.900390625,11460.349609375,11144.5,11371.599609375,11371.599609375,3299700,1.0,Monday
2020-08-24,2020-08-24,11412.0,11686.0498046875,11410.650390625,11647.599609375,11647.599609375,3441300,1.0,Monday
2020-08-31,2020-08-31,11777.5498046875,11794.25,11303.650390625,11333.849609375,11333.849609375,4037500,-1.0,Monday
2020-09-07,2020-09-07,11359.599609375,11493.5,11185.150390625,11464.4501953125,11464.4501953125,3095600,1.0,Wednesday
2020-09-14,2020-09-14,11540.150390625,11618.099609375,11383.5498046875,11504.9501953125,11504.9501953125,2441000,-1.0,Wednesday
2020-09-21,2020-09-21,11503.7998046875,11535.25,10790.2001953125,11050.25,11050.25,3255700,-1.0,Monday
2020-09-28,2020-09-28,11140.849609375,11428.599609375,11099.849609375,11416.9501953125,11416.9501953125,1918100,1.0,Monday
2020-10-05,2020-10-05,11487.7998046875,11938.599609375,11452.2998046875,11914.2001953125,11914.2001953125,2825300,1.0,Monday
2020-10-12,2020-10-12,11973.5498046875,12025.4501953125,11661.2998046875,11762.4501953125,11762.4501953125,2714800,-1.0,Thursday
2020-10-19,2020-10-19,11879.2001953125,12018.650390625,11775.75,11930.349609375,11930.349609375,2665900,1.0,Wednesday
2020-10-26,2020-10-26,11937.400390625,11942.849609375,11535.4501953125,11642.400390625,11642.400390625,2948800,-1.0,Monday
2020-11-02,2020-11-02,11697.349609375,12280.400390625,11557.400390625,12263.5498046875,12263.5498046875,3119300,1.0,Monday
2020-11-09,2020-11-09,12399.400390625,12769.75,12367.349609375,12719.9501953125,12719.9501953125,3417300,1.0,Monday
2020-11-16,2020-11-16,12932.5,12963.0,12730.25,12859.0498046875,12859.0498046875,2871800,-1.0,Thursday
2020-11-23,2020-11-23,12960.2998046875,13145.849609375,12790.400390625,12968.9501953125,12968.9501953125,3596200,1.0,Thursday
2020-11-30,2020-11-30,13062.2001953125,13280.0498046875,12962.7998046875,13258.5498046875,13258.5498046875,2655500,1.0,Tuesday
2020-12-07,2020-12-07,13264.849609375,13579.349609375,13241.9501953125,13513.849609375,13513.849609375,2978600,1.0,Monday
2020-12-14,2020-12-14,13571.4501953125,13773.25,13447.0498046875,13760.5498046875,13760.5498046875,2453600,1.0,Tuesday
2020-12-21,2020-12-21,13741.900390625,13777.5,13131.4501953125,13749.25,13749.25,2313600,1.0,Monday
2020-12-28,2020-12-28,13815.150390625,14049.849609375,13811.5498046875,14018.5,14018.5,2034400,1.0,Monday
2021-01-04,2021-01-04,14104.349609375,14367.2998046875,13953.75,14347.25,14347.25,2792500,1.0,Monday
2021-01-11,2021-01-11,14474.0498046875,14653.349609375,14357.849609375,14433.7001953125,14433.7001953125,3886300,-1.0,Wednesday
2021-01-18,2021-01-18,14453.2998046875,14753.5498046875,14222.7998046875,14371.900390625,14371.900390625,3412600,-1.0,Thursday
2021-01-25,2021-01-25,14477.7998046875,14491.099609375,13596.75,13634.599609375,13634.599609375,2670400,-1.0,Monday
2021-02-01,2021-02-01,13758.599609375,15014.650390625,13661.75,14924.25,14924.25,4475300,1.0,Monday
2021-02-08,2021-02-08,15064.2998046875,15257.099609375,14977.2001953125,15163.2998046875,15163.2998046875,3081200,1.0,Wednesday
2021-02-15,2021-02-15,15270.2998046875,15431.75,14898.2001953125,14981.75,14981.75,3092100,-1.0,Tuesday
2021-02-22,2021-02-22,14999.0498046875,15176.5,14467.75,14529.150390625,14529.150390625,3665300,-1.0,Thursday
2021-03-01,2021-03-01,14702.5,15273.150390625,14638.5498046875,14938.099609375,14938.099609375,2848800,1.0,Monday
2021-03-08,2021-03-08,15002.4501953125,15336.2998046875,14919.900390625,15030.9501953125,15030.9501953125,1573100,1.0,Monday
2021-03-15,2021-03-15,15048.400390625,15051.599609375,14350.099609375,14744.0,14744.0,1929100,-1.0,Tuesday
2021-03-22,2021-03-22,14736.2998046875,14878.599609375,14264.400390625,14507.2998046875,14507.2998046875,2477400,-1.0,Tuesday
2021-03-29,2021-03-29,14628.5,14883.2001953125,14617.599609375,14867.349609375,14867.349609375,1503400,1.0,Tuesday
2021-04-05,2021-04-05,14837.7001953125,14984.150390625,14459.5,14834.849609375,14834.849609375,2003900,-1.0,Thursday
2021-04-12,2021-04-12,14644.650390625,14697.7001953125,14248.7001953125,14617.849609375,14617.849609375,2400500,-1.0,Friday
2021-04-19,2021-04-19,14306.599609375,14526.9501953125,14151.400390625,14341.349609375,14341.349609375,2002400,1.0,Thursday
2021-04-26,2021-04-26,14449.4501953125,15044.349609375,14421.2998046875,14631.099609375,14631.099609375,2492900,1.0,Monday
2021-05-03,2021-05-03,14481.0498046875,14863.0498046875,14416.25,14823.150390625,14823.150390625,2364000,1.0,Monday
2021-05-10,2021-05-10,14928.25,14966.900390625,14591.900390625,14677.7998046875,14677.7998046875,2433900,-1.0,Monday
2021-05-17,2021-05-17,14756.25,15190.0,14725.349609375,15175.2998046875,15175.2998046875,2752600,1.0,Monday
2021-05-24,2021-05-24,15211.349609375,15469.650390625,15145.4501953125,15435.650390625,15435.650390625,1873400,1.0,Monday
2021-05-31,2021-05-31,15437.75,15733.599609375,15374.0,15670.25,15670.25,2098600,1.0,Monday
2021-06-07,2021-06-07,15725.099609375,15835.5498046875,15566.900390625,15799.349609375,15799.349609375,1891400,1.0,Wednesday
2021-06-14,2021-06-14,15791.400390625,15901.599609375,15450.900390625,15683.349609375,15683.349609375,2054800,-1.0,Tuesday
2021-06-21,2021-06-21,15525.849609375,15895.75,15505.650390625,15860.349609375,15860.349609375,1592500,1.0,Monday
2021-06-28,2021-06-28,15915.349609375,15915.650390625,15635.9501953125,15722.2001953125,15722.2001953125,1357500,-1.0,Monday
2021-07-05,2021-07-05,15793.400390625,15914.2001953125,15632.75,15689.7998046875,15689.7998046875,1478800,-1.0,Tuesday
2021-07-12,2021-07-12,15766.7998046875,15962.25,15644.75,15923.400390625,15923.400390625,1024200,1.0,Monday
2021-07-19,2021-07-19,15754.5,15899.7998046875,15578.5498046875,15856.0498046875,15856.0498046875,1075800,1.0,Tuesday
2021-07-26,2021-07-26,15849.2998046875,15893.349609375,15513.4501953125,15763.0498046875,15763.0498046875,1698300,-1.0,Monday
2021-08-02,2021-08-02,15874.900390625,16349.4501953125,15834.650390625,16238.2001953125,16238.2001953125,1751700,1.0,Monday
2021-08-09,2021-08-09,16281.349609375,16543.599609375,16162.5498046875,16529.099609375,16529.099609375,1408500,1.0,Wednesday
2021-08-16,2021-08-16,16518.400390625,16701.849609375,16376.0498046875,16450.5,16450.5,1154000,-1.0,Wednesday
2021-08-23,2021-08-23,16592.25,16722.05078125,16395.69921875,16705.19921875,16705.19921875,1287800,1.0,Monday
2021-08-30,2021-08-30,16775.849609375,17340.099609375,16764.849609375,17323.599609375,17323.599609375,1553600,1.0,Monday
2021-09-06,2021-09-06,17399.349609375,17436.5,17254.19921875,17369.25,17369.25,965600,-1.0,Tuesday
2021-09-13,2021-09-13,17363.55078125,17792.94921875,17269.150390625,17585.150390625,17585.150390625,1871300,1.0,Monday
2021-09-20,2021-09-20,17443.849609375,17947.650390625,17326.099609375,17853.19921875,17853.19921875,1678500,1.0,Tuesday
2021-09-27,2021-09-27,17932.19921875,17943.5,17452.900390625,17532.05078125,17532.05078125,1940300,-1.0,Monday
2021-10-04,2021-10-04,17615.55078125,17941.849609375,17581.349609375,17895.19921875,17895.19921875,1862600,1.0,Monday
2021-10-11,2021-10-11,17867.55078125,18350.75,17839.099609375,18338.55078125,18338.55078125,1776800,1.0,Monday
2021-10-18,2021-10-18,18500.099609375,18604.44921875,18034.349609375,18114.900390625,18114.900390625,1900000,-1.0,Tuesday
2021-10-25,2021-10-25,18229.5,18342.05078125,17613.099609375,17671.650390625,17671.650390625,1806000,-1.0,Wednesday
2021-11-01,2021-11-01,17783.150390625,18012.25,17697.099609375,17916.80078125,17916.80078125,957100,1.0,Monday
2021-11-08,2021-11-08,18040.19921875,18123.0,17798.19921875,18102.75,18102.75,1351700,1.0,Thursday
2021-11-15,2021-11-15,18140.94921875,18210.150390625,17688.5,17764.80078125,17764.80078125,1121900,-1.0,Monday
2021-11-22,2021-11-22,17796.25,17805.25,16985.69921875,17026.44921875,17026.44921875,1575500,-1.0,Monday
2021-11-29,2021-11-29,17055.80078125,17489.80078125,16782.400390625,17196.69921875,17196.69921875,1714800,1.0,Monday
2021-12-06,2021-12-06,17209.05078125,17543.25,16891.69921875,17511.30078125,17511.30078125,1185300,1.0,Monday
2021-12-13,2021-12-13,17619.099609375,17639.5,16966.44921875,16985.19921875,16985.19921875,1316700,-1.0,Monday
2021-12-20,2021-12-20,16824.25,17155.599609375,16410.19921875,17003.75,17003.75,1159100,1.0,Monday
2021-12-27,2021-12-27,16937.75,17400.80078125,16833.19921875,17354.05078125,17354.05078125,970300,1.0,Monday
2022-01-03,2022-01-03,17387.150390625,17944.69921875,17383.30078125,17812.69921875,17812.69921875,1175200,1.0,Monday
2022-01-10,2022-01-10,17913.30078125,18286.94921875,17879.150390625,18255.75,18255.75,1230800,1.0,Monday
2022-01-17,2022-01-17,18235.650390625,18350.94921875,17485.849609375,17617.150390625,17617.150390625,1306600,-1.0,Tuesday
2022-01-24,2022-01-24,17575.150390625,17599.400390625,16836.80078125,17101.94921875,17101.94921875,1401200,-1.0,Monday
2022-01-31,2022-01-31,17301.05078125,17794.599609375,17244.55078125,17516.30078125,17516.30078125,1467300,1.0,Tuesday
2022-02-07,2022-02-07,17456.30078125,17639.44921875,17043.650390625,17374.75,17374.75,1296600,-1.0,Thursday
2022-02-14,2022-02-14,17076.150390625,17490.599609375,16809.650390625,17276.30078125,17276.30078125,1270400,1.0,Monday
2022-02-21,2022-02-21,17192.25,17351.05078125,16203.25,16658.400390625,16658.400390625,1503300,-1.0,Monday
2022-02-28,2022-02-28,16481.599609375,16815.900390625,16133.7998046875,16245.349609375,16245.349609375,1820100,-1.0,Monday
2022-03-07,2022-03-07,15867.9501953125,16757.30078125,15671.4501953125,16630.44921875,16630.44921875,2421300,1.0,Tuesday
2022-03-14,2022-03-14,16633.69921875,17344.599609375,16555.0,17287.05078125,17287.05078125,1404600,1.0,Tuesday
2022-03-21,2022-03-21,17329.5,17442.400390625,17006.30078125,17153.0,17153.0,1443300,-1.0,Wednesday
2022-03-28,2022-03-28,17181.849609375,17703.69921875,17003.900390625,17670.44921875,17670.44921875,1566200,1.0,Monday
2022-04-04,2022-04-04,17809.099609375,18114.650390625,17600.55078125,17784.349609375,17784.349609375,1541000,-1.0,Monday
2022-04-11,2022-04-11,17740.900390625,17779.05078125,17442.349609375,17475.650390625,17475.650390625,762800,-1.0,Monday
2022-04-18,2022-04-18,17183.44921875,17414.69921875,16824.69921875,17171.94921875,17171.94921875,1611500,-1.0,Thursday
2022-04-25,2022-04-25,17009.05078125,17377.650390625,16888.69921875,17102.55078125,17102.55078125,1451000,1.0,Monday
2022-05-02,2022-05-02,16924.44921875,17132.849609375,16340.900390625,16411.25,16411.25,1155100,-1.0,Wednesday
2022-05-09,2022-05-09,16227.7001953125,16404.55078125,15735.75,15782.150390625,15782.150390625,1539800,-1.0,Tuesday
2022-05-16,2022-05-16,15845.099609375,16399.80078125,15739.650390625,16266.150390625,16266.150390625,1370000,1.0,Monday
2022-05-23,2022-05-23,16290.9501953125,16414.69921875,15903.7001953125,16352.4501953125,16352.4501953125,1375300,1.0,Thursday
2022-05-30,2022-05-30,16527.900390625,16793.849609375,16438.849609375,16584.30078125,16584.30078125,1634100,1.0,Wednesday
2022-06-06,2022-06-06,16530.69921875,16610.94921875,16172.599609375,16201.7998046875,16201.7998046875,1105600,-1.0,Monday
2022-06-13,2022-06-13,15877.5498046875,15886.150390625,15183.400390625,15293.5,15293.5,1241200,-1.0,Monday
2022-06-20,2022-06-20,15334.5,15749.25,15191.099609375,15699.25,15699.25,1222500,1.0,Monday
2022-06-27,2022-06-27,15926.2001953125,15927.4501953125,15511.0498046875,15752.0498046875,15752.0498046875,1577800,-1.0,Monday
2022-07-04,2022-07-04,15710.5,16275.5,15661.7998046875,16220.599609375,16220.599609375,1392600,1.0,Monday
2022-07-11,2022-07-11,16136.150390625,16248.5498046875,15858.2001953125,16049.2001953125,16049.2001953125,1132200,-1.0,Monday
2022-07-18,2022-07-18,16151.400390625,16752.25,16142.2001953125,16719.44921875,16719.44921875,1169200,1.0,Monday
2022-07-25,2022-07-25,16662.55078125,17172.80078125,16438.75,17158.25,17158.25,1417200,1.0,Wednesday
2022-08-01,2022-08-01,17243.19921875,17490.69921875,17154.80078125,17397.5,17397.5,1680800,1.0,Monday
2022-08-08,2022-08-08,17401.5,17724.650390625,17359.75,17698.150390625,17698.150390625,1184800,1.0,Monday
2022-08-15,2022-08-15,17797.19921875,17992.19921875,17710.75,17758.44921875,17758.44921875,822300,-1.0,Friday
2022-08-22,2022-08-22,17682.900390625,17726.5,17345.19921875,17558.900390625,17558.900390625,1332000,-1.0,Thursday
2022-08-29,2022-08-29,17188.650390625,17777.650390625,17166.19921875,17539.44921875,17539.44921875,1134400,1.0,Monday
2022-09-05,2022-09-05,17546.44921875,17925.94921875,17484.30078125,17833.349609375,17833.349609375,1385700,1.0,Wednesday
2022-09-12,2022-09-12,17890.849609375,18096.150390625,17497.25,17530.849609375,17530.849609375,1612100,-1.0,Thursday
2022-09-19,2022-09-19,17540.650390625,17919.30078125,17291.650390625,17327.349609375,17327.349609375,1441800,-1.0,Tuesday
2022-09-26,2022-09-26,17156.30078125,17196.400390625,16747.69921875,17094.349609375,17094.349609375,1891900,-1.0,Monday
2022-10-03,2022-10-03,17102.099609375,17428.80078125,16855.55078125,17314.650390625,17314.650390625,986200,1.0,Monday
2022-10-10,2022-10-10,17094.349609375,17348.55078125,16950.30078125,17185.69921875,17185.69921875,1266000,1.0,Tuesday
2022-10-17,2022-10-17,17144.80078125,17670.150390625,17098.55078125,17576.30078125,17576.30078125,1189500,1.0,Monday
2022-10-24,2022-10-24,17736.349609375,17838.900390625,17637.0,17786.80078125,17786.80078125,871000,1.0,Tuesday
2022-10-31,2022-10-31,17910.19921875,18178.75,17899.900390625,18117.150390625,18117.150390625,1328900,1.0,Monday
2022-11-07,2022-11-07,18211.75,18362.30078125,17969.400390625,18349.69921875,18349.69921875,1257000,1.0,Thursday
2022-11-14,2022-11-14,18376.400390625,18442.150390625,18209.80078125,18307.650390625,18307.650390625,1170900,-1.0,Wednesday
2022-11-21,2022-11-21,18246.400390625,18534.900390625,18133.349609375,18512.75,18512.75,980200,1.0,Monday
2022-11-28,2022-11-28,18430.55078125,18887.599609375,18365.599609375,18696.099609375,18696.099609375,1326800,1.0,Monday
2022-12-05,2022-12-05,18719.55078125,18728.599609375,18410.099609375,18496.599609375,18496.599609375,1125300,-1.0,Monday
2022-12-12,2022-12-12,18402.150390625,18696.099609375,18255.150390625,18269.0,18269.0,1050300,-1.0,Wednesday
2022-12-19,2022-12-19,18288.099609375,18473.349609375,17779.5,17806.80078125,17806.80078125,928600,-1.0,Wednesday
2022-12-26,2022-12-26,17830.400390625,18265.25,17774.25,18105.30078125,18105.30078125,1058000,1.0,Monday
2023-01-02,2023-01-02,18131.69921875,18251.94921875,17795.55078125,17859.44921875,17859.44921875,1208100,-1.0,Tuesday
2023-01-09,2023-01-09,17952.55078125,18141.400390625,17761.650390625,17956.599609375,17956.599609375,1284900,1.0,Thursday
2023-01-16,2023-01-16,18033.150390625,18183.75,17853.650390625,18027.650390625,18027.650390625,1156100,-1.0,Wednesday
2023-01-23,2023-01-23,18118.44921875,18201.25,17493.55078125,17604.349609375,17604.349609375,1152900,-1.0,Tuesday
2023-01-30,2023-01-30,17541.94921875,17972.19921875,17353.400390625,17854.05078125,17854.05078125,2257800,1.0,Wednesday
2023-02-06,2023-02-06,17818.55078125,17916.900390625,17652.55078125,17856.5,17856.5,1420800,1.0,Tuesday
2023-02-13,2023-02-13,17859.099609375,18134.75,17719.75,17944.19921875,17944.19921875,1143400,1.0,Monday
2023-02-20,2023-02-20,17965.55078125,18004.349609375,17421.80078125,17465.80078125,17465.80078125,1027000,-1.0,Monday
2023-02-27,2023-02-27,17428.599609375,17644.75,17255.19921875,17594.349609375,17594.349609375,1607100,1.0,Tuesday
2023-03-06,2023-03-06,17680.349609375,17799.94921875,17324.349609375,17412.900390625,17412.900390625,1128100,-1.0,Monday
2023-03-13,2023-03-13,17421.900390625,17529.900390625,16850.150390625,17100.05078125,17100.05078125,1551600,-1.0,Monday
2023-03-20,2023-03-20,17066.599609375,17207.25,16828.349609375,16945.05078125,16945.05078125,935700,-1.0,Wednesday
2023-03-27,2023-03-27,16984.30078125,17381.599609375,16913.75,17359.75,17359.75,1067000,1.0,Tuesday
2023-04-03,2023-04-03,17427.94921875,17638.69921875,17312.75,17599.150390625,17599.150390625,721200,1.0,Monday
2023-04-10,2023-04-10,17634.900390625,17842.150390625,17597.94921875,17828.0,17828.0,1077700,1.0,Monday
2023-04-17,2023-04-17,17863.0,17863.0,17553.94921875,17624.05078125,17624.05078125,1343100,-1.0,Monday
2023-04-24,2023-04-24,17707.55078125,18089.150390625,17612.5,18065.0,18065.0,1317800,1.0,Monday
2023-05-01,2023-05-01,18124.80078125,18267.44921875,18042.400390625,18069.0,18069.0,957700,-1.0,Thursday
2023-05-08,2023-05-08,18120.599609375,18389.69921875,18100.30078125,18314.80078125,18314.80078125,1184900,1.0,Monday
2023-05-15,2023-05-15,18339.30078125,18458.900390625,18060.400390625,18203.400390625,18203.400390625,1198500,-1.0,Monday
2023-05-22,2023-05-22,18201.099609375,18508.55078125,18178.849609375,18499.349609375,18499.349609375,1200200,1.0,Monday
2023-05-29,2023-05-29,18619.150390625,18662.44921875,18464.55078125,18534.099609375,18534.099609375,1732700,-1.0,Tuesday
2023-06-05,2023-06-05,18612.0,18777.900390625,18531.599609375,18563.400390625,18563.400390625,1245300,-1.0,Thursday
2023-06-12,2023-06-12,18595.05078125,18864.69921875,18559.75,18826.0,18826.0,1209900,1.0,Monday
2023-06-19,2023-06-19,18873.30078125,18886.599609375,18647.099609375,18665.5,18665.5,1112200,-1.0,Thursday
2023-06-26,2023-06-26,18682.349609375,19201.69921875,18646.69921875,19189.05078125,19189.05078125,1040500,1.0,Monday
2023-07-03,2023-07-03,19246.5,19523.599609375,19234.400390625,19331.80078125,19331.80078125,1182800,1.0,Monday
2023-07-10,2023-07-10,19400.349609375,19595.349609375,19327.099609375,19564.5,19564.5,1449000,1.0,Monday
2023-07-17,2023-07-17,19612.150390625,19991.849609375,19562.94921875,19745.0,19745.0,1402000,1.0,Monday
2023-07-24,2023-07-24,19748.44921875,19867.55078125,19563.099609375,19646.05078125,19646.05078125,1473600,-1.0,Thursday
2023-07-31,2023-07-31,19666.349609375,19795.599609375,19296.44921875,19517.0,19517.0,1480300,-1.0,Tuesday
2023-08-07,2023-08-07,19576.849609375,19645.5,19412.75,19428.30078125,19428.30078125,1291100,-1.0,Wednesday
2023-08-14,2023-08-14,19383.94921875,19482.75,19253.599609375,19310.150390625,19310.150390625,768700,-1.0,Wednesday
2023-08-21,2023-08-21,19320.650390625,19584.44921875,19229.69921875,19265.80078125,19265.80078125,1431300,-1.0,Thursday
2023-08-28,2023-08-28,19298.349609375,19458.55078125,19223.650390625,19435.30078125,19435.30078125,1684200,1.0,Thursday
2023-09-04,2023-09-04,19525.05078125,19867.150390625,19432.849609375,19819.94921875,19819.94921875,1434200,1.0,Monday
2023-09-11,2023-09-11,19890.0,20222.44921875,19865.349609375,20192.349609375,20192.349609375,1541600,1.0,Monday
2023-09-18,2023-09-18,20155.94921875,20195.349609375,19657.5,19674.25,19674.25,1164500,-1.0,Monday
2023-09-25,2023-09-25,19678.19921875,19766.650390625,19492.099609375,19638.30078125,19638.30078125,1193200,-1.0,Thursday
2023-10-02,2023-10-02,19622.400390625,19675.75,19333.599609375,19653.5,19653.5,892800,1.0,Wednesday
2023-10-09,2023-10-09,19539.44921875,19843.30078125,19480.5,19751.05078125,19751.05078125,1068300,1.0,Monday
2023-10-16,2023-10-16,19737.25,19849.75,19512.349609375,19542.650390625,19542.650390625,994300,-1.0,Tuesday
2023-10-23,2023-10-23,19521.599609375,19556.849609375,18837.849609375,19047.25,19047.25,906900,-1.0,Monday
